premise,conclusion,kind,cross_attribute_part,support
fixed_acidity>=low(6),,trivial (universal conclusion),,195
fixed_acidity>=medium(8),fixed_acidity>=low(6),scale artifact,,94
fixed_acidity>=high(10),"fixed_acidity>=low(6), fixed_acidity>=medium(8)",scale artifact,,44
volatile_acidity>=low(0.3),,trivial (universal conclusion),,180
volatile_acidity>=medium(0.5),volatile_acidity>=low(0.3),scale artifact,,102
volatile_acidity>=high(0.7),"fixed_acidity>=low(6), volatile_acidity>=low(0.3), volatile_acidity>=medium(0.5)",data-induced,fixed_acidity>=low(6),27
citric_acid_absent,volatile_acidity>=low(0.3),data-induced,volatile_acidity>=low(0.3),100
citric_acid_present,,trivial (universal conclusion),,100
residual_sugar=dry,,trivial (universal conclusion),,179
residual_sugar=off_dry,fixed_acidity>=low(6),data-induced,fixed_acidity>=low(6),19
residual_sugar=sweet,"chlorides=low_salt, citric_acid_present, free_so2>=low(6), pH=neutral_range, quality>=acceptable(5), total_so2>=low(20)",data-induced,"chlorides=low_salt, citric_acid_present, free_so2>=low(6), pH=neutral_range, quality>=acceptable(5), total_so2>=low(20)",2
chlorides=low_salt,,trivial (universal conclusion),,99
chlorides=high_salt,fixed_acidity>=low(6),data-induced,fixed_acidity>=low(6),101
free_so2>=low(6),,trivial (universal conclusion),,175
free_so2>=medium(15),"free_so2>=low(6), total_so2>=low(20)",data-induced,total_so2>=low(20),80
free_so2>=high(30),"fixed_acidity>=low(6), free_so2>=low(6), free_so2>=medium(15), quality>=acceptable(5), total_so2>=low(20)",data-induced,"fixed_acidity>=low(6), quality>=acceptable(5), total_so2>=low(20)",15
total_so2>=low(20),,trivial (universal conclusion),,156
total_so2>=medium(60),"free_so2>=low(6), total_so2>=low(20)",data-induced,free_so2>=low(6),35
total_so2>=high(100),"free_so2>=low(6), total_so2>=low(20), total_so2>=medium(60)",data-induced,free_so2>=low(6),14
density=light,,trivial (universal conclusion),,107
density=heavy,fixed_acidity>=low(6),data-induced,fixed_acidity>=low(6),93
pH<=acidic(3.1),"fixed_acidity>=low(6), free_so2>=low(6)",data-induced,"fixed_acidity>=low(6), free_so2>=low(6)",21
pH>=basic(3.4),,trivial (universal conclusion),,52
pH=neutral_range,,trivial (universal conclusion),,127
sulphates>=low(0.4),,trivial (universal conclusion),,200
sulphates>=medium(0.6),,trivial (universal conclusion),,120
sulphates>=high(0.8),sulphates>=medium(0.6),scale artifact,,26
alcohol>=9,,trivial (universal conclusion),,200
alcohol>=11,,trivial (universal conclusion),,65
alcohol>=13,"alcohol>=11, density=light, quality>=acceptable(5), residual_sugar=dry, volatile_acidity>=low(0.3)",data-induced,"density=light, quality>=acceptable(5), residual_sugar=dry, volatile_acidity>=low(0.3)",4
quality>=acceptable(5),,trivial (universal conclusion),,192
quality>=good(7),quality>=acceptable(5),scale artifact,,27
quality>=excellent(8),"alcohol>=11, chlorides=low_salt, density=light, free_so2>=low(6), free_so2>=medium(15), quality>=acceptable(5), quality>=good(7), residual_sugar=dry, sulphates>=medium(0.6), total_so2>=low(20), volatile_acidity>=low(0.3)",data-induced,"alcohol>=11, chlorides=low_salt, density=light, free_so2>=low(6), free_so2>=medium(15), residual_sugar=dry, sulphates>=medium(0.6), total_so2>=low(20), volatile_acidity>=low(0.3)",2
"fixed_acidity>=low(6), residual_sugar=sweet","chlorides=low_salt, citric_acid_present, density=heavy, fixed_acidity>=high(10), fixed_acidity>=medium(8), free_so2>=low(6), pH=neutral_range, quality>=acceptable(5), sulphates>=medium(0.6), total_so2>=low(20)",data-induced,"chlorides=low_salt, citric_acid_present, density=heavy, free_so2>=low(6), pH=neutral_range, quality>=acceptable(5), sulphates>=medium(0.6), total_so2>=low(20)",1
"alcohol>=13, fixed_acidity>=low(6)","alcohol>=11, density=light, pH=neutral_range, quality>=acceptable(5), residual_sugar=dry, volatile_acidity>=low(0.3)",data-induced,"density=light, pH=neutral_range, quality>=acceptable(5), residual_sugar=dry, volatile_acidity>=low(0.3)",2
"fixed_acidity>=low(6), quality>=excellent(8)","alcohol>=11, chlorides=low_salt, citric_acid_present, density=light, free_so2>=low(6), free_so2>=medium(15), pH=neutral_range, quality>=acceptable(5), quality>=good(7), residual_sugar=dry, sulphates>=medium(0.6), total_so2>=low(20), volatile_acidity>=low(0.3)",data-induced,"alcohol>=11, chlorides=low_salt, citric_acid_present, density=light, free_so2>=low(6), free_so2>=medium(15), pH=neutral_range, residual_sugar=dry, sulphates>=medium(0.6), total_so2>=low(20), volatile_acidity>=low(0.3)",1
"fixed_acidity>=medium(8), volatile_acidity>=high(0.7)","fixed_acidity>=low(6), quality>=acceptable(5), residual_sugar=dry, volatile_acidity>=low(0.3), volatile_acidity>=medium(0.5)",data-induced,"quality>=acceptable(5), residual_sugar=dry",11
"citric_acid_absent, fixed_acidity>=medium(8)","fixed_acidity>=low(6), residual_sugar=dry, volatile_acidity>=low(0.3)",data-induced,"residual_sugar=dry, volatile_acidity>=low(0.3)",22
"fixed_acidity>=medium(8), residual_sugar=off_dry","citric_acid_present, density=heavy, fixed_acidity>=low(6), pH=neutral_range, quality>=acceptable(5)",data-induced,"citric_acid_present, density=heavy, pH=neutral_range, quality>=acceptable(5)",10
"fixed_acidity>=medium(8), residual_sugar=sweet","chlorides=low_salt, citric_acid_present, density=heavy, fixed_acidity>=high(10), fixed_acidity>=low(6), free_so2>=low(6), pH=neutral_range, quality>=acceptable(5), sulphates>=medium(0.6), total_so2>=low(20)",data-induced,"chlorides=low_salt, citric_acid_present, density=heavy, free_so2>=low(6), pH=neutral_range, quality>=acceptable(5), sulphates>=medium(0.6), total_so2>=low(20)",1
"fixed_acidity>=medium(8), free_so2>=high(30)","fixed_acidity>=low(6), free_so2>=low(6), free_so2>=medium(15), quality>=acceptable(5), residual_sugar=dry, total_so2>=low(20)",data-induced,"quality>=acceptable(5), residual_sugar=dry, total_so2>=low(20)",5
"fixed_acidity>=medium(8), total_so2>=high(100)","fixed_acidity>=low(6), free_so2>=low(6), free_so2>=medium(15), residual_sugar=dry, total_so2>=low(20), total_so2>=medium(60)",data-induced,"free_so2>=low(6), free_so2>=medium(15), residual_sugar=dry",4
"density=light, fixed_acidity>=medium(8)","fixed_acidity>=low(6), quality>=acceptable(5), residual_sugar=dry",data-induced,"quality>=acceptable(5), residual_sugar=dry",23
"fixed_acidity>=medium(8), pH<=acidic(3.1)","fixed_acidity>=low(6), free_so2>=low(6), residual_sugar=dry",data-induced,"free_so2>=low(6), residual_sugar=dry",19
"fixed_acidity>=medium(8), pH>=basic(3.4)","fixed_acidity>=low(6), quality>=acceptable(5), residual_sugar=dry, volatile_acidity>=low(0.3)",data-induced,"quality>=acceptable(5), residual_sugar=dry, volatile_acidity>=low(0.3)",5
"alcohol>=11, fixed_acidity>=medium(8)","fixed_acidity>=low(6), quality>=acceptable(5)",data-induced,quality>=acceptable(5),30
"alcohol>=13, fixed_acidity>=medium(8)","alcohol>=11, chlorides=high_salt, citric_acid_present, density=light, fixed_acidity>=low(6), pH=neutral_range, quality>=acceptable(5), residual_sugar=dry, volatile_acidity>=low(0.3)",data-induced,"chlorides=high_salt, citric_acid_present, density=light, pH=neutral_range, quality>=acceptable(5), residual_sugar=dry, volatile_acidity>=low(0.3)",1
"fixed_acidity>=medium(8), quality>=good(7)","citric_acid_present, fixed_acidity>=low(6), quality>=acceptable(5)",data-induced,citric_acid_present,13
"fixed_acidity>=medium(8), quality>=excellent(8)","alcohol>=11, alcohol>=13, chlorides=high_salt, chlorides=low_salt, citric_acid_absent, citric_acid_present, density=heavy, density=light, fixed_acidity>=high(10), fixed_acidity>=low(6), free_so2>=high(30), free_so2>=low(6), free_so2>=medium(15), pH<=acidic(3.1), pH=neutral_range, pH>=basic(3.4), quality>=acceptable(5), quality>=good(7), residual_sugar=dry, residual_sugar=off_dry, residual_sugar=sweet, sulphates>=high(0.8), sulphates>=medium(0.6), total_so2>=high(100), total_so2>=low(20), total_so2>=medium(60), volatile_acidity>=high(0.7), volatile_acidity>=low(0.3), volatile_acidity>=medium(0.5)",data-induced,"alcohol>=11, alcohol>=13, chlorides=high_salt, chlorides=low_salt, citric_acid_absent, citric_acid_present, density=heavy, density=light, free_so2>=high(30), free_so2>=low(6), free_so2>=medium(15), pH<=acidic(3.1), pH=neutral_range, pH>=basic(3.4), residual_sugar=dry, residual_sugar=off_dry, residual_sugar=sweet, sulphates>=high(0.8), sulphates>=medium(0.6), total_so2>=high(100), total_so2>=low(20), total_so2>=medium(60), volatile_acidity>=high(0.7), volatile_acidity>=low(0.3), volatile_acidity>=medium(0.5)",0
"fixed_acidity>=high(10), volatile_acidity>=high(0.7)","alcohol>=11, alcohol>=13, chlorides=high_salt, chlorides=low_salt, citric_acid_absent, citric_acid_present, density=heavy, density=light, fixed_acidity>=low(6), fixed_acidity>=medium(8), free_so2>=high(30), free_so2>=low(6), free_so2>=medium(15), pH<=acidic(3.1), pH=neutral_range, pH>=basic(3.4), quality>=acceptable(5), quality>=excellent(8), quality>=good(7), residual_sugar=dry, residual_sugar=off_dry, residual_sugar=sweet, sulphates>=high(0.8), sulphates>=medium(0.6), total_so2>=high(100), total_so2>=low(20), total_so2>=medium(60), volatile_acidity>=low(0.3), volatile_acidity>=medium(0.5)",data-induced,"alcohol>=11, alcohol>=13, chlorides=high_salt, chlorides=low_salt, citric_acid_absent, citric_acid_present, density=heavy, density=light, free_so2>=high(30), free_so2>=low(6), free_so2>=medium(15), pH<=acidic(3.1), pH=neutral_range, pH>=basic(3.4), quality>=acceptable(5), quality>=excellent(8), quality>=good(7), residual_sugar=dry, residual_sugar=off_dry, residual_sugar=sweet, sulphates>=high(0.8), sulphates>=medium(0.6), total_so2>=high(100), total_so2>=low(20), total_so2>=medium(60)",0
"citric_acid_absent, fixed_acidity>=high(10)","fixed_acidity>=low(6), fixed_acidity>=medium(8), free_so2>=low(6), quality>=acceptable(5), residual_sugar=dry, volatile_acidity>=low(0.3)",data-induced,"free_so2>=low(6), quality>=acceptable(5), residual_sugar=dry, volatile_acidity>=low(0.3)",5
"fixed_acidity>=high(10), residual_sugar=off_dry","citric_acid_present, density=heavy, fixed_acidity>=low(6), fixed_acidity>=medium(8), pH=neutral_range, quality>=acceptable(5), sulphates>=medium(0.6)",data-induced,"citric_acid_present, density=heavy, pH=neutral_range, quality>=acceptable(5), sulphates>=medium(0.6)",5
"fixed_acidity>=high(10), residual_sugar=sweet","chlorides=low_salt, citric_acid_present, density=heavy, fixed_acidity>=low(6), fixed_acidity>=medium(8), free_so2>=low(6), pH=neutral_range, quality>=acceptable(5), sulphates>=medium(0.6), total_so2>=low(20)",data-induced,"chlorides=low_salt, citric_acid_present, density=heavy, free_so2>=low(6), pH=neutral_range, quality>=acceptable(5), sulphates>=medium(0.6), total_so2>=low(20)",1
"chlorides=low_salt, fixed_acidity>=high(10)","fixed_acidity>=low(6), fixed_acidity>=medium(8), free_so2>=low(6)",data-induced,free_so2>=low(6),13
"chlorides=high_salt, fixed_acidity>=high(10)","fixed_acidity>=low(6), fixed_acidity>=medium(8), quality>=acceptable(5)",data-induced,quality>=acceptable(5),31
"fixed_acidity>=high(10), free_so2>=medium(15)","density=heavy, fixed_acidity>=low(6), fixed_acidity>=medium(8), free_so2>=low(6), quality>=acceptable(5), total_so2>=low(20)",data-induced,"density=heavy, quality>=acceptable(5), total_so2>=low(20)",14
"fixed_acidity>=high(10), free_so2>=high(30)","alcohol>=11, alcohol>=13, chlorides=high_salt, chlorides=low_salt, citric_acid_absent, citric_acid_present, density=heavy, density=light, fixed_acidity>=low(6), fixed_acidity>=medium(8), free_so2>=low(6), free_so2>=medium(15), pH<=acidic(3.1), pH=neutral_range, pH>=basic(3.4), quality>=acceptable(5), quality>=excellent(8), quality>=good(7), residual_sugar=dry, residual_sugar=off_dry, residual_sugar=sweet, sulphates>=high(0.8), sulphates>=medium(0.6), total_so2>=high(100), total_so2>=low(20), total_so2>=medium(60), volatile_acidity>=high(0.7), volatile_acidity>=low(0.3), volatile_acidity>=medium(0.5)",data-induced,"alcohol>=11, alcohol>=13, chlorides=high_salt, chlorides=low_salt, citric_acid_absent, citric_acid_present, density=heavy, density=light, pH<=acidic(3.1), pH=neutral_range, pH>=basic(3.4), quality>=acceptable(5), quality>=excellent(8), quality>=good(7), residual_sugar=dry, residual_sugar=off_dry, residual_sugar=sweet, sulphates>=high(0.8), sulphates>=medium(0.6), total_so2>=high(100), total_so2>=low(20), total_so2>=medium(60), volatile_acidity>=high(0.7), volatile_acidity>=low(0.3), volatile_acidity>=medium(0.5)",0
"fixed_acidity>=high(10), total_so2>=medium(60)","citric_acid_present, density=heavy, fixed_acidity>=low(6), fixed_acidity>=medium(8), free_so2>=low(6), free_so2>=medium(15), pH=neutral_range, quality>=acceptable(5), sulphates>=medium(0.6), total_so2>=low(20), volatile_acidity>=low(0.3)",data-induced,"citric_acid_present, density=heavy, free_so2>=low(6), free_so2>=medium(15), pH=neutral_range, quality>=acceptable(5), sulphates>=medium(0.6), volatile_acidity>=low(0.3)",4
"fixed_acidity>=high(10), total_so2>=high(100)","alcohol>=11, alcohol>=13, chlorides=high_salt, chlorides=low_salt, citric_acid_absent, citric_acid_present, density=heavy, density=light, fixed_acidity>=low(6), fixed_acidity>=medium(8), free_so2>=high(30), free_so2>=low(6), free_so2>=medium(15), pH<=acidic(3.1), pH=neutral_range, pH>=basic(3.4), quality>=acceptable(5), quality>=excellent(8), quality>=good(7), residual_sugar=dry, residual_sugar=off_dry, residual_sugar=sweet, sulphates>=high(0.8), sulphates>=medium(0.6), total_so2>=low(20), total_so2>=medium(60), volatile_acidity>=high(0.7), volatile_acidity>=low(0.3), volatile_acidity>=medium(0.5)",data-induced,"alcohol>=11, alcohol>=13, chlorides=high_salt, chlorides=low_salt, citric_acid_absent, citric_acid_present, density=heavy, density=light, free_so2>=high(30), free_so2>=low(6), free_so2>=medium(15), pH<=acidic(3.1), pH=neutral_range, pH>=basic(3.4), quality>=acceptable(5), quality>=excellent(8), quality>=good(7), residual_sugar=dry, residual_sugar=off_dry, residual_sugar=sweet, sulphates>=high(0.8), sulphates>=medium(0.6), volatile_acidity>=high(0.7), volatile_acidity>=low(0.3), volatile_acidity>=medium(0.5)",0
"density=light, fixed_acidity>=high(10)","fixed_acidity>=low(6), fixed_acidity>=medium(8), quality>=acceptable(5), residual_sugar=dry",data-induced,"quality>=acceptable(5), residual_sugar=dry",3
"fixed_acidity>=high(10), pH<=acidic(3.1)","fixed_acidity>=low(6), fixed_acidity>=medium(8), free_so2>=low(6), residual_sugar=dry",data-induced,"free_so2>=low(6), residual_sugar=dry",15
"fixed_acidity>=high(10), pH>=basic(3.4)","alcohol>=11, alcohol>=13, chlorides=high_salt, chlorides=low_salt, citric_acid_absent, citric_acid_present, density=heavy, density=light, fixed_acidity>=low(6), fixed_acidity>=medium(8), free_so2>=high(30), free_so2>=low(6), free_so2>=medium(15), pH<=acidic(3.1), pH=neutral_range, quality>=acceptable(5), quality>=excellent(8), quality>=good(7), residual_sugar=dry, residual_sugar=off_dry, residual_sugar=sweet, sulphates>=high(0.8), sulphates>=medium(0.6), total_so2>=high(100), total_so2>=low(20), total_so2>=medium(60), volatile_acidity>=high(0.7), volatile_acidity>=low(0.3), volatile_acidity>=medium(0.5)",data-induced,"alcohol>=11, alcohol>=13, chlorides=high_salt, chlorides=low_salt, citric_acid_absent, citric_acid_present, density=heavy, density=light, free_so2>=high(30), free_so2>=low(6), free_so2>=medium(15), quality>=acceptable(5), quality>=excellent(8), quality>=good(7), residual_sugar=dry, residual_sugar=off_dry, residual_sugar=sweet, sulphates>=high(0.8), sulphates>=medium(0.6), total_so2>=high(100), total_so2>=low(20), total_so2>=medium(60), volatile_acidity>=high(0.7), volatile_acidity>=low(0.3), volatile_acidity>=medium(0.5)",0
"fixed_acidity>=high(10), sulphates>=high(0.8)","citric_acid_present, density=heavy, fixed_acidity>=low(6), fixed_acidity>=medium(8), quality>=acceptable(5), sulphates>=medium(0.6)",data-induced,"citric_acid_present, density=heavy, quality>=acceptable(5)",7
"alcohol>=11, fixed_acidity>=high(10)","citric_acid_present, fixed_acidity>=low(6), fixed_acidity>=medium(8), quality>=acceptable(5)",data-induced,"citric_acid_present, quality>=acceptable(5)",12
"alcohol>=13, fixed_acidity>=high(10)","alcohol>=11, chlorides=high_salt, chlorides=low_salt, citric_acid_absent, citric_acid_present, density=heavy, density=light, fixed_acidity>=low(6), fixed_acidity>=medium(8), free_so2>=high(30), free_so2>=low(6), free_so2>=medium(15), pH<=acidic(3.1), pH=neutral_range, pH>=basic(3.4), quality>=acceptable(5), quality>=excellent(8), quality>=good(7), residual_sugar=dry, residual_sugar=off_dry, residual_sugar=sweet, sulphates>=high(0.8), sulphates>=medium(0.6), total_so2>=high(100), total_so2>=low(20), total_so2>=medium(60), volatile_acidity>=high(0.7), volatile_acidity>=low(0.3), volatile_acidity>=medium(0.5)",data-induced,"chlorides=high_salt, chlorides=low_salt, citric_acid_absent, citric_acid_present, density=heavy, density=light, free_so2>=high(30), free_so2>=low(6), free_so2>=medium(15), pH<=acidic(3.1), pH=neutral_range, pH>=basic(3.4), quality>=acceptable(5), quality>=excellent(8), quality>=good(7), residual_sugar=dry, residual_sugar=off_dry, residual_sugar=sweet, sulphates>=high(0.8), sulphates>=medium(0.6), total_so2>=high(100), total_so2>=low(20), total_so2>=medium(60), volatile_acidity>=high(0.7), volatile_acidity>=low(0.3), volatile_acidity>=medium(0.5)",0
"fixed_acidity>=high(10), quality>=good(7)","citric_acid_present, fixed_acidity>=low(6), fixed_acidity>=medium(8), free_so2>=low(6), quality>=acceptable(5), residual_sugar=dry, sulphates>=medium(0.6)",data-induced,"citric_acid_present, free_so2>=low(6), residual_sugar=dry, sulphates>=medium(0.6)",8
"fixed_acidity>=high(10), quality>=excellent(8)","alcohol>=11, alcohol>=13, chlorides=high_salt, chlorides=low_salt, citric_acid_absent, citric_acid_present, density=heavy, density=light, fixed_acidity>=low(6), fixed_acidity>=medium(8), free_so2>=high(30), free_so2>=low(6), free_so2>=medium(15), pH<=acidic(3.1), pH=neutral_range, pH>=basic(3.4), quality>=acceptable(5), quality>=good(7), residual_sugar=dry, residual_sugar=off_dry, residual_sugar=sweet, sulphates>=high(0.8), sulphates>=medium(0.6), total_so2>=high(100), total_so2>=low(20), total_so2>=medium(60), volatile_acidity>=high(0.7), volatile_acidity>=low(0.3), volatile_acidity>=medium(0.5)",data-induced,"alcohol>=11, alcohol>=13, chlorides=high_salt, chlorides=low_salt, citric_acid_absent, citric_acid_present, density=heavy, density=light, free_so2>=high(30), free_so2>=low(6), free_so2>=medium(15), pH<=acidic(3.1), pH=neutral_range, pH>=basic(3.4), residual_sugar=dry, residual_sugar=off_dry, residual_sugar=sweet, sulphates>=high(0.8), sulphates>=medium(0.6), total_so2>=high(100), total_so2>=low(20), total_so2>=medium(60), volatile_acidity>=high(0.7), volatile_acidity>=low(0.3), volatile_acidity>=medium(0.5)",0
"residual_sugar=sweet, volatile_acidity>=low(0.3)","chlorides=low_salt, citric_acid_present, density=light, free_so2>=low(6), free_so2>=medium(15), pH=neutral_range, quality>=acceptable(5), total_so2>=low(20), total_so2>=medium(60)",data-induced,"chlorides=low_salt, citric_acid_present, density=light, free_so2>=low(6), free_so2>=medium(15), pH=neutral_range, quality>=acceptable(5), total_so2>=low(20), total_so2>=medium(60)",1
"citric_acid_present, volatile_acidity>=medium(0.5)","fixed_acidity>=low(6), volatile_acidity>=low(0.3)",data-induced,fixed_acidity>=low(6),21
"residual_sugar=sweet, volatile_acidity>=medium(0.5)","alcohol>=11, alcohol>=13, chlorides=high_salt, chlorides=low_salt, citric_acid_absent, citric_acid_present, density=heavy, density=light, fixed_acidity>=high(10), fixed_acidity>=low(6), fixed_acidity>=medium(8), free_so2>=high(30), free_so2>=low(6), free_so2>=medium(15), pH<=acidic(3.1), pH=neutral_range, pH>=basic(3.4), quality>=acceptable(5), quality>=excellent(8), quality>=good(7), residual_sugar=dry, residual_sugar=off_dry, sulphates>=high(0.8), sulphates>=medium(0.6), total_so2>=high(100), total_so2>=low(20), total_so2>=medium(60), volatile_acidity>=high(0.7), volatile_acidity>=low(0.3)",data-induced,"alcohol>=11, alcohol>=13, chlorides=high_salt, chlorides=low_salt, citric_acid_absent, citric_acid_present, density=heavy, density=light, fixed_acidity>=high(10), fixed_acidity>=low(6), fixed_acidity>=medium(8), free_so2>=high(30), free_so2>=low(6), free_so2>=medium(15), pH<=acidic(3.1), pH=neutral_range, pH>=basic(3.4), quality>=acceptable(5), quality>=excellent(8), quality>=good(7), sulphates>=high(0.8), sulphates>=medium(0.6), total_so2>=high(100), total_so2>=low(20), total_so2>=medium(60)",0
"pH<=acidic(3.1), volatile_acidity>=medium(0.5)","fixed_acidity>=low(6), fixed_acidity>=medium(8), free_so2>=low(6), residual_sugar=dry, volatile_acidity>=low(0.3)",data-induced,"fixed_acidity>=low(6), fixed_acidity>=medium(8), free_so2>=low(6), residual_sugar=dry",6
"pH=neutral_range, volatile_acidity>=medium(0.5)","fixed_acidity>=low(6), volatile_acidity>=low(0.3)",data-induced,fixed_acidity>=low(6),59
"sulphates>=high(0.8), volatile_acidity>=medium(0.5)","free_so2>=low(6), residual_sugar=dry, sulphates>=medium(0.6), total_so2>=low(20), volatile_acidity>=low(0.3)",data-induced,"free_so2>=low(6), residual_sugar=dry, total_so2>=low(20)",7
"alcohol>=13, volatile_acidity>=medium(0.5)","alcohol>=11, chlorides=high_salt, chlorides=low_salt, citric_acid_absent, citric_acid_present, density=heavy, density=light, fixed_acidity>=high(10), fixed_acidity>=low(6), fixed_acidity>=medium(8), free_so2>=high(30), free_so2>=low(6), free_so2>=medium(15), pH<=acidic(3.1), pH=neutral_range, pH>=basic(3.4), quality>=acceptable(5), quality>=excellent(8), quality>=good(7), residual_sugar=dry, residual_sugar=off_dry, residual_sugar=sweet, sulphates>=high(0.8), sulphates>=medium(0.6), total_so2>=high(100), total_so2>=low(20), total_so2>=medium(60), volatile_acidity>=high(0.7), volatile_acidity>=low(0.3)",data-induced,"chlorides=high_salt, chlorides=low_salt, citric_acid_absent, citric_acid_present, density=heavy, density=light, fixed_acidity>=high(10), fixed_acidity>=low(6), fixed_acidity>=medium(8), free_so2>=high(30), free_so2>=low(6), free_so2>=medium(15), pH<=acidic(3.1), pH=neutral_range, pH>=basic(3.4), quality>=acceptable(5), quality>=excellent(8), quality>=good(7), residual_sugar=dry, residual_sugar=off_dry, residual_sugar=sweet, sulphates>=high(0.8), sulphates>=medium(0.6), total_so2>=high(100), total_so2>=low(20), total_so2>=medium(60)",0
"quality>=good(7), volatile_acidity>=medium(0.5)","free_so2>=low(6), quality>=acceptable(5), volatile_acidity>=low(0.3)",data-induced,free_so2>=low(6),7
"quality>=excellent(8), volatile_acidity>=medium(0.5)","alcohol>=11, alcohol>=13, chlorides=high_salt, chlorides=low_salt, citric_acid_absent, citric_acid_present, density=heavy, density=light, fixed_acidity>=high(10), fixed_acidity>=low(6), fixed_acidity>=medium(8), free_so2>=high(30), free_so2>=low(6), free_so2>=medium(15), pH<=acidic(3.1), pH=neutral_range, pH>=basic(3.4), quality>=acceptable(5), quality>=good(7), residual_sugar=dry, residual_sugar=off_dry, residual_sugar=sweet, sulphates>=high(0.8), sulphates>=medium(0.6), total_so2>=high(100), total_so2>=low(20), total_so2>=medium(60), volatile_acidity>=high(0.7), volatile_acidity>=low(0.3)",data-induced,"alcohol>=11, alcohol>=13, chlorides=high_salt, chlorides=low_salt, citric_acid_absent, citric_acid_present, density=heavy, density=light, fixed_acidity>=high(10), fixed_acidity>=low(6), fixed_acidity>=medium(8), free_so2>=high(30), free_so2>=low(6), free_so2>=medium(15), pH<=acidic(3.1), pH=neutral_range, pH>=basic(3.4), residual_sugar=dry, residual_sugar=off_dry, residual_sugar=sweet, sulphates>=high(0.8), sulphates>=medium(0.6), total_so2>=high(100), total_so2>=low(20), total_so2>=medium(60)",0
"citric_acid_present, volatile_acidity>=high(0.7)","density=heavy, fixed_acidity>=low(6), fixed_acidity>=medium(8), free_so2>=low(6), quality>=acceptable(5), residual_sugar=dry, sulphates>=medium(0.6), total_so2>=low(20), volatile_acidity>=low(0.3), volatile_acidity>=medium(0.5)",data-induced,"density=heavy, fixed_acidity>=low(6), fixed_acidity>=medium(8), free_so2>=low(6), quality>=acceptable(5), residual_sugar=dry, sulphates>=medium(0.6), total_so2>=low(20)",2
"residual_sugar=off_dry, volatile_acidity>=high(0.7)","chlorides=high_salt, citric_acid_absent, density=heavy, fixed_acidity>=low(6), pH>=basic(3.4), volatile_acidity>=low(0.3), volatile_acidity>=medium(0.5)",data-induced,"chlorides=high_salt, citric_acid_absent, density=heavy, fixed_acidity>=low(6), pH>=basic(3.4)",1
"residual_sugar=sweet, volatile_acidity>=high(0.7)","alcohol>=11, alcohol>=13, chlorides=high_salt, chlorides=low_salt, citric_acid_absent, citric_acid_present, density=heavy, density=light, fixed_acidity>=high(10), fixed_acidity>=low(6), fixed_acidity>=medium(8), free_so2>=high(30), free_so2>=low(6), free_so2>=medium(15), pH<=acidic(3.1), pH=neutral_range, pH>=basic(3.4), quality>=acceptable(5), quality>=excellent(8), quality>=good(7), residual_sugar=dry, residual_sugar=off_dry, sulphates>=high(0.8), sulphates>=medium(0.6), total_so2>=high(100), total_so2>=low(20), total_so2>=medium(60), volatile_acidity>=low(0.3), volatile_acidity>=medium(0.5)",data-induced,"alcohol>=11, alcohol>=13, chlorides=high_salt, chlorides=low_salt, citric_acid_absent, citric_acid_present, density=heavy, density=light, fixed_acidity>=high(10), fixed_acidity>=low(6), fixed_acidity>=medium(8), free_so2>=high(30), free_so2>=low(6), free_so2>=medium(15), pH<=acidic(3.1), pH=neutral_range, pH>=basic(3.4), quality>=acceptable(5), quality>=excellent(8), quality>=good(7), sulphates>=high(0.8), sulphates>=medium(0.6), total_so2>=high(100), total_so2>=low(20), total_so2>=medium(60)",0
"chlorides=low_salt, volatile_acidity>=high(0.7)","fixed_acidity>=low(6), residual_sugar=dry, volatile_acidity>=low(0.3), volatile_acidity>=medium(0.5)",data-induced,"fixed_acidity>=low(6), residual_sugar=dry",15
"free_so2>=low(6), volatile_acidity>=high(0.7)","fixed_acidity>=low(6), residual_sugar=dry, volatile_acidity>=low(0.3), volatile_acidity>=medium(0.5)",data-induced,"fixed_acidity>=low(6), residual_sugar=dry",21
"free_so2>=medium(15), volatile_acidity>=high(0.7)","fixed_acidity>=low(6), free_so2>=low(6), quality>=acceptable(5), residual_sugar=dry, total_so2>=low(20), volatile_acidity>=low(0.3), volatile_acidity>=medium(0.5)",data-induced,"fixed_acidity>=low(6), quality>=acceptable(5), residual_sugar=dry, total_so2>=low(20)",6
"free_so2>=high(30), volatile_acidity>=high(0.7)","alcohol>=11, chlorides=high_salt, citric_acid_present, density=heavy, fixed_acidity>=low(6), fixed_acidity>=medium(8), free_so2>=low(6), free_so2>=medium(15), pH>=basic(3.4), quality>=acceptable(5), residual_sugar=dry, sulphates>=medium(0.6), total_so2>=high(100), total_so2>=low(20), total_so2>=medium(60), volatile_acidity>=low(0.3), volatile_acidity>=medium(0.5)",data-induced,"alcohol>=11, chlorides=high_salt, citric_acid_present, density=heavy, fixed_acidity>=low(6), fixed_acidity>=medium(8), pH>=basic(3.4), quality>=acceptable(5), residual_sugar=dry, sulphates>=medium(0.6), total_so2>=high(100), total_so2>=low(20), total_so2>=medium(60)",1
"total_so2>=low(20), volatile_acidity>=high(0.7)","fixed_acidity>=low(6), quality>=acceptable(5), residual_sugar=dry, volatile_acidity>=low(0.3), volatile_acidity>=medium(0.5)",data-induced,"fixed_acidity>=low(6), quality>=acceptable(5), residual_sugar=dry",17
"total_so2>=medium(60), volatile_acidity>=high(0.7)","alcohol>=11, chlorides=high_salt, citric_acid_present, density=heavy, fixed_acidity>=low(6), fixed_acidity>=medium(8), free_so2>=high(30), free_so2>=low(6), free_so2>=medium(15), pH>=basic(3.4), quality>=acceptable(5), residual_sugar=dry, sulphates>=medium(0.6), total_so2>=high(100), total_so2>=low(20), volatile_acidity>=low(0.3), volatile_acidity>=medium(0.5)",data-induced,"alcohol>=11, chlorides=high_salt, citric_acid_present, density=heavy, fixed_acidity>=low(6), fixed_acidity>=medium(8), free_so2>=high(30), free_so2>=low(6), free_so2>=medium(15), pH>=basic(3.4), quality>=acceptable(5), residual_sugar=dry, sulphates>=medium(0.6)",1
"total_so2>=high(100), volatile_acidity>=high(0.7)","alcohol>=11, chlorides=high_salt, citric_acid_present, density=heavy, fixed_acidity>=low(6), fixed_acidity>=medium(8), free_so2>=high(30), free_so2>=low(6), free_so2>=medium(15), pH>=basic(3.4), quality>=acceptable(5), residual_sugar=dry, sulphates>=medium(0.6), total_so2>=low(20), total_so2>=medium(60), volatile_acidity>=low(0.3), volatile_acidity>=medium(0.5)",data-induced,"alcohol>=11, chlorides=high_salt, citric_acid_present, density=heavy, fixed_acidity>=low(6), fixed_acidity>=medium(8), free_so2>=high(30), free_so2>=low(6), free_so2>=medium(15), pH>=basic(3.4), quality>=acceptable(5), residual_sugar=dry, sulphates>=medium(0.6)",1
"density=light, volatile_acidity>=high(0.7)","citric_acid_absent, fixed_acidity>=low(6), residual_sugar=dry, volatile_acidity>=low(0.3), volatile_acidity>=medium(0.5)",data-induced,"citric_acid_absent, fixed_acidity>=low(6), residual_sugar=dry",17
"pH<=acidic(3.1), volatile_acidity>=high(0.7)","chlorides=low_salt, citric_acid_absent, density=light, fixed_acidity>=low(6), fixed_acidity>=medium(8), free_so2>=low(6), quality>=acceptable(5), residual_sugar=dry, total_so2>=low(20), volatile_acidity>=low(0.3), volatile_acidity>=medium(0.5)",data-induced,"chlorides=low_salt, citric_acid_absent, density=light, fixed_acidity>=low(6), fixed_acidity>=medium(8), free_so2>=low(6), quality>=acceptable(5), residual_sugar=dry, total_so2>=low(20)",1
"pH=neutral_range, volatile_acidity>=high(0.7)","fixed_acidity>=low(6), quality>=acceptable(5), residual_sugar=dry, volatile_acidity>=low(0.3), volatile_acidity>=medium(0.5)",data-induced,"fixed_acidity>=low(6), quality>=acceptable(5), residual_sugar=dry",15
"sulphates>=medium(0.6), volatile_acidity>=high(0.7)","fixed_acidity>=low(6), residual_sugar=dry, volatile_acidity>=low(0.3), volatile_acidity>=medium(0.5)",data-induced,"fixed_acidity>=low(6), residual_sugar=dry",11
"sulphates>=high(0.8), volatile_acidity>=high(0.7)","alcohol>=11, alcohol>=13, chlorides=high_salt, chlorides=low_salt, citric_acid_absent, citric_acid_present, density=heavy, density=light, fixed_acidity>=high(10), fixed_acidity>=low(6), fixed_acidity>=medium(8), free_so2>=high(30), free_so2>=low(6), free_so2>=medium(15), pH<=acidic(3.1), pH=neutral_range, pH>=basic(3.4), quality>=acceptable(5), quality>=excellent(8), quality>=good(7), residual_sugar=dry, residual_sugar=off_dry, residual_sugar=sweet, sulphates>=medium(0.6), total_so2>=high(100), total_so2>=low(20), total_so2>=medium(60), volatile_acidity>=low(0.3), volatile_acidity>=medium(0.5)",data-induced,"alcohol>=11, alcohol>=13, chlorides=high_salt, chlorides=low_salt, citric_acid_absent, citric_acid_present, density=heavy, density=light, fixed_acidity>=high(10), fixed_acidity>=low(6), fixed_acidity>=medium(8), free_so2>=high(30), free_so2>=low(6), free_so2>=medium(15), pH<=acidic(3.1), pH=neutral_range, pH>=basic(3.4), quality>=acceptable(5), quality>=excellent(8), quality>=good(7), residual_sugar=dry, residual_sugar=off_dry, residual_sugar=sweet, total_so2>=high(100), total_so2>=low(20), total_so2>=medium(60)",0
"alcohol>=11, volatile_acidity>=high(0.7)","fixed_acidity>=low(6), free_so2>=low(6), quality>=acceptable(5), residual_sugar=dry, volatile_acidity>=low(0.3), volatile_acidity>=medium(0.5)",data-induced,"fixed_acidity>=low(6), free_so2>=low(6), quality>=acceptable(5), residual_sugar=dry",5
"alcohol>=13, volatile_acidity>=high(0.7)","alcohol>=11, chlorides=high_salt, chlorides=low_salt, citric_acid_absent, citric_acid_present, density=heavy, density=light, fixed_acidity>=high(10), fixed_acidity>=low(6), fixed_acidity>=medium(8), free_so2>=high(30), free_so2>=low(6), free_so2>=medium(15), pH<=acidic(3.1), pH=neutral_range, pH>=basic(3.4), quality>=acceptable(5), quality>=excellent(8), quality>=good(7), residual_sugar=dry, residual_sugar=off_dry, residual_sugar=sweet, sulphates>=high(0.8), sulphates>=medium(0.6), total_so2>=high(100), total_so2>=low(20), total_so2>=medium(60), volatile_acidity>=low(0.3), volatile_acidity>=medium(0.5)",data-induced,"chlorides=high_salt, chlorides=low_salt, citric_acid_absent, citric_acid_present, density=heavy, density=light, fixed_acidity>=high(10), fixed_acidity>=low(6), fixed_acidity>=medium(8), free_so2>=high(30), free_so2>=low(6), free_so2>=medium(15), pH<=acidic(3.1), pH=neutral_range, pH>=basic(3.4), quality>=acceptable(5), quality>=excellent(8), quality>=good(7), residual_sugar=dry, residual_sugar=off_dry, residual_sugar=sweet, sulphates>=high(0.8), sulphates>=medium(0.6), total_so2>=high(100), total_so2>=low(20), total_so2>=medium(60)",0
"quality>=acceptable(5), volatile_acidity>=high(0.7)","fixed_acidity>=low(6), residual_sugar=dry, volatile_acidity>=low(0.3), volatile_acidity>=medium(0.5)",data-induced,"fixed_acidity>=low(6), residual_sugar=dry",25
"quality>=good(7), volatile_acidity>=high(0.7)","alcohol>=11, alcohol>=13, chlorides=high_salt, chlorides=low_salt, citric_acid_absent, citric_acid_present, density=heavy, density=light, fixed_acidity>=high(10), fixed_acidity>=low(6), fixed_acidity>=medium(8), free_so2>=high(30), free_so2>=low(6), free_so2>=medium(15), pH<=acidic(3.1), pH=neutral_range, pH>=basic(3.4), quality>=acceptable(5), quality>=excellent(8), residual_sugar=dry, residual_sugar=off_dry, residual_sugar=sweet, sulphates>=high(0.8), sulphates>=medium(0.6), total_so2>=high(100), total_so2>=low(20), total_so2>=medium(60), volatile_acidity>=low(0.3), volatile_acidity>=medium(0.5)",data-induced,"alcohol>=11, alcohol>=13, chlorides=high_salt, chlorides=low_salt, citric_acid_absent, citric_acid_present, density=heavy, density=light, fixed_acidity>=high(10), fixed_acidity>=low(6), fixed_acidity>=medium(8), free_so2>=high(30), free_so2>=low(6), free_so2>=medium(15), pH<=acidic(3.1), pH=neutral_range, pH>=basic(3.4), residual_sugar=dry, residual_sugar=off_dry, residual_sugar=sweet, sulphates>=high(0.8), sulphates>=medium(0.6), total_so2>=high(100), total_so2>=low(20), total_so2>=medium(60)",0
"quality>=excellent(8), volatile_acidity>=high(0.7)","alcohol>=11, alcohol>=13, chlorides=high_salt, chlorides=low_salt, citric_acid_absent, citric_acid_present, density=heavy, density=light, fixed_acidity>=high(10), fixed_acidity>=low(6), fixed_acidity>=medium(8), free_so2>=high(30), free_so2>=low(6), free_so2>=medium(15), pH<=acidic(3.1), pH=neutral_range, pH>=basic(3.4), quality>=acceptable(5), quality>=good(7), residual_sugar=dry, residual_sugar=off_dry, residual_sugar=sweet, sulphates>=high(0.8), sulphates>=medium(0.6), total_so2>=high(100), total_so2>=low(20), total_so2>=medium(60), volatile_acidity>=low(0.3), volatile_acidity>=medium(0.5)",data-induced,"alcohol>=11, alcohol>=13, chlorides=high_salt, chlorides=low_salt, citric_acid_absent, citric_acid_present, density=heavy, density=light, fixed_acidity>=high(10), fixed_acidity>=low(6), fixed_acidity>=medium(8), free_so2>=high(30), free_so2>=low(6), free_so2>=medium(15), pH<=acidic(3.1), pH=neutral_range, pH>=basic(3.4), residual_sugar=dry, residual_sugar=off_dry, residual_sugar=sweet, sulphates>=high(0.8), sulphates>=medium(0.6), total_so2>=high(100), total_so2>=low(20), total_so2>=medium(60)",0
"citric_acid_absent, citric_acid_present","alcohol>=11, alcohol>=13, chlorides=high_salt, chlorides=low_salt, density=heavy, density=light, fixed_acidity>=high(10), fixed_acidity>=low(6), fixed_acidity>=medium(8), free_so2>=high(30), free_so2>=low(6), free_so2>=medium(15), pH<=acidic(3.1), pH=neutral_range, pH>=basic(3.4), quality>=acceptable(5), quality>=excellent(8), quality>=good(7), residual_sugar=dry, residual_sugar=off_dry, residual_sugar=sweet, sulphates>=high(0.8), sulphates>=medium(0.6), total_so2>=high(100), total_so2>=low(20), total_so2>=medium(60), volatile_acidity>=high(0.7), volatile_acidity>=low(0.3), volatile_acidity>=medium(0.5)",data-induced,"alcohol>=11, alcohol>=13, chlorides=high_salt, chlorides=low_salt, density=heavy, density=light, fixed_acidity>=high(10), fixed_acidity>=low(6), fixed_acidity>=medium(8), free_so2>=high(30), free_so2>=low(6), free_so2>=medium(15), pH<=acidic(3.1), pH=neutral_range, pH>=basic(3.4), quality>=acceptable(5), quality>=excellent(8), quality>=good(7), residual_sugar=dry, residual_sugar=off_dry, residual_sugar=sweet, sulphates>=high(0.8), sulphates>=medium(0.6), total_so2>=high(100), total_so2>=low(20), total_so2>=medium(60), volatile_acidity>=high(0.7), volatile_acidity>=low(0.3), volatile_acidity>=medium(0.5)",0
"citric_acid_absent, residual_sugar=sweet","alcohol>=11, alcohol>=13, chlorides=high_salt, chlorides=low_salt, citric_acid_present, density=heavy, density=light, fixed_acidity>=high(10), fixed_acidity>=low(6), fixed_acidity>=medium(8), free_so2>=high(30), free_so2>=low(6), free_so2>=medium(15), pH<=acidic(3.1), pH=neutral_range, pH>=basic(3.4), quality>=acceptable(5), quality>=excellent(8), quality>=good(7), residual_sugar=dry, residual_sugar=off_dry, sulphates>=high(0.8), sulphates>=medium(0.6), total_so2>=high(100), total_so2>=low(20), total_so2>=medium(60), volatile_acidity>=high(0.7), volatile_acidity>=low(0.3), volatile_acidity>=medium(0.5)",data-induced,"alcohol>=11, alcohol>=13, chlorides=high_salt, chlorides=low_salt, citric_acid_present, density=heavy, density=light, fixed_acidity>=high(10), fixed_acidity>=low(6), fixed_acidity>=medium(8), free_so2>=high(30), free_so2>=low(6), free_so2>=medium(15), pH<=acidic(3.1), pH=neutral_range, pH>=basic(3.4), quality>=acceptable(5), quality>=excellent(8), quality>=good(7), sulphates>=high(0.8), sulphates>=medium(0.6), total_so2>=high(100), total_so2>=low(20), total_so2>=medium(60), volatile_acidity>=high(0.7), volatile_acidity>=low(0.3), volatile_acidity>=medium(0.5)",0
"citric_acid_absent, total_so2>=high(100)","free_so2>=low(6), sulphates>=medium(0.6), total_so2>=low(20), total_so2>=medium(60), volatile_acidity>=low(0.3), volatile_acidity>=medium(0.5)",data-induced,"free_so2>=low(6), sulphates>=medium(0.6), volatile_acidity>=low(0.3), volatile_acidity>=medium(0.5)",5
"citric_acid_absent, pH<=acidic(3.1)","density=light, fixed_acidity>=low(6), fixed_acidity>=medium(8), free_so2>=low(6), quality>=acceptable(5), residual_sugar=dry, total_so2>=low(20), volatile_acidity>=low(0.3), volatile_acidity>=medium(0.5)",data-induced,"density=light, fixed_acidity>=low(6), fixed_acidity>=medium(8), free_so2>=low(6), quality>=acceptable(5), residual_sugar=dry, total_so2>=low(20), volatile_acidity>=low(0.3), volatile_acidity>=medium(0.5)",2
"citric_acid_absent, pH=neutral_range","fixed_acidity>=low(6), volatile_acidity>=low(0.3)",data-induced,"fixed_acidity>=low(6), volatile_acidity>=low(0.3)",57
"citric_acid_absent, sulphates>=high(0.8)","free_so2>=low(6), residual_sugar=dry, sulphates>=medium(0.6), total_so2>=low(20), volatile_acidity>=low(0.3)",data-induced,"free_so2>=low(6), residual_sugar=dry, total_so2>=low(20), volatile_acidity>=low(0.3)",7
"alcohol>=11, citric_acid_absent","density=light, free_so2>=low(6), volatile_acidity>=low(0.3)",data-induced,"density=light, free_so2>=low(6), volatile_acidity>=low(0.3)",23
"alcohol>=13, citric_acid_absent","alcohol>=11, chlorides=low_salt, density=light, free_so2>=low(6), quality>=acceptable(5), residual_sugar=dry, total_so2>=low(20), volatile_acidity>=low(0.3)",data-induced,"chlorides=low_salt, density=light, free_so2>=low(6), quality>=acceptable(5), residual_sugar=dry, total_so2>=low(20), volatile_acidity>=low(0.3)",3
"citric_acid_absent, quality>=good(7)","density=light, free_so2>=low(6), quality>=acceptable(5), volatile_acidity>=low(0.3)",data-induced,"density=light, free_so2>=low(6), volatile_acidity>=low(0.3)",7
"citric_acid_absent, quality>=excellent(8)","alcohol>=11, alcohol>=13, chlorides=low_salt, density=light, free_so2>=low(6), free_so2>=medium(15), pH>=basic(3.4), quality>=acceptable(5), quality>=good(7), residual_sugar=dry, sulphates>=medium(0.6), total_so2>=low(20), volatile_acidity>=low(0.3)",data-induced,"alcohol>=11, alcohol>=13, chlorides=low_salt, density=light, free_so2>=low(6), free_so2>=medium(15), pH>=basic(3.4), residual_sugar=dry, sulphates>=medium(0.6), total_so2>=low(20), volatile_acidity>=low(0.3)",1
"citric_acid_present, residual_sugar=dry",fixed_acidity>=low(6),data-induced,fixed_acidity>=low(6),86
"citric_acid_present, residual_sugar=off_dry","fixed_acidity>=low(6), quality>=acceptable(5)",data-induced,"fixed_acidity>=low(6), quality>=acceptable(5)",12
"citric_acid_present, total_so2>=medium(60)","free_so2>=low(6), quality>=acceptable(5), total_so2>=low(20)",data-induced,"free_so2>=low(6), quality>=acceptable(5)",21
"citric_acid_present, total_so2>=high(100)","fixed_acidity>=low(6), free_so2>=low(6), quality>=acceptable(5), total_so2>=low(20), total_so2>=medium(60)",data-induced,"fixed_acidity>=low(6), free_so2>=low(6), quality>=acceptable(5)",9
"citric_acid_present, density=light",quality>=acceptable(5),data-induced,quality>=acceptable(5),37
"citric_acid_present, pH>=basic(3.4)","fixed_acidity>=low(6), free_so2>=low(6), quality>=acceptable(5), residual_sugar=dry, total_so2>=low(20)",data-induced,"fixed_acidity>=low(6), free_so2>=low(6), quality>=acceptable(5), residual_sugar=dry, total_so2>=low(20)",11
"citric_acid_present, sulphates>=medium(0.6)",fixed_acidity>=low(6),data-induced,fixed_acidity>=low(6),73
"citric_acid_present, sulphates>=high(0.8)","fixed_acidity>=low(6), quality>=acceptable(5), sulphates>=medium(0.6)",data-induced,"fixed_acidity>=low(6), quality>=acceptable(5)",19
"alcohol>=11, citric_acid_present","fixed_acidity>=low(6), quality>=acceptable(5)",data-induced,"fixed_acidity>=low(6), quality>=acceptable(5)",42
"alcohol>=13, citric_acid_present","alcohol>=11, chlorides=high_salt, density=light, fixed_acidity>=low(6), fixed_acidity>=medium(8), pH=neutral_range, quality>=acceptable(5), residual_sugar=dry, volatile_acidity>=low(0.3)",data-induced,"chlorides=high_salt, density=light, fixed_acidity>=low(6), fixed_acidity>=medium(8), pH=neutral_range, quality>=acceptable(5), residual_sugar=dry, volatile_acidity>=low(0.3)",1
"citric_acid_present, quality>=good(7)","fixed_acidity>=low(6), quality>=acceptable(5)",data-induced,fixed_acidity>=low(6),20
"citric_acid_present, quality>=excellent(8)","alcohol>=11, chlorides=low_salt, density=light, fixed_acidity>=low(6), free_so2>=low(6), free_so2>=medium(15), pH=neutral_range, quality>=acceptable(5), quality>=good(7), residual_sugar=dry, sulphates>=medium(0.6), total_so2>=low(20), volatile_acidity>=low(0.3)",data-induced,"alcohol>=11, chlorides=low_salt, density=light, fixed_acidity>=low(6), free_so2>=low(6), free_so2>=medium(15), pH=neutral_range, residual_sugar=dry, sulphates>=medium(0.6), total_so2>=low(20), volatile_acidity>=low(0.3)",1
"residual_sugar=dry, residual_sugar=off_dry","alcohol>=11, alcohol>=13, chlorides=high_salt, chlorides=low_salt, citric_acid_absent, citric_acid_present, density=heavy, density=light, fixed_acidity>=high(10), fixed_acidity>=low(6), fixed_acidity>=medium(8), free_so2>=high(30), free_so2>=low(6), free_so2>=medium(15), pH<=acidic(3.1), pH=neutral_range, pH>=basic(3.4), quality>=acceptable(5), quality>=excellent(8), quality>=good(7), residual_sugar=sweet, sulphates>=high(0.8), sulphates>=medium(0.6), total_so2>=high(100), total_so2>=low(20), total_so2>=medium(60), volatile_acidity>=high(0.7), volatile_acidity>=low(0.3), volatile_acidity>=medium(0.5)",data-induced,"alcohol>=11, alcohol>=13, chlorides=high_salt, chlorides=low_salt, citric_acid_absent, citric_acid_present, density=heavy, density=light, fixed_acidity>=high(10), fixed_acidity>=low(6), fixed_acidity>=medium(8), free_so2>=high(30), free_so2>=low(6), free_so2>=medium(15), pH<=acidic(3.1), pH=neutral_range, pH>=basic(3.4), quality>=acceptable(5), quality>=excellent(8), quality>=good(7), sulphates>=high(0.8), sulphates>=medium(0.6), total_so2>=high(100), total_so2>=low(20), total_so2>=medium(60), volatile_acidity>=high(0.7), volatile_acidity>=low(0.3), volatile_acidity>=medium(0.5)",0
"residual_sugar=dry, residual_sugar=sweet","alcohol>=11, alcohol>=13, chlorides=high_salt, chlorides=low_salt, citric_acid_absent, citric_acid_present, density=heavy, density=light, fixed_acidity>=high(10), fixed_acidity>=low(6), fixed_acidity>=medium(8), free_so2>=high(30), free_so2>=low(6), free_so2>=medium(15), pH<=acidic(3.1), pH=neutral_range, pH>=basic(3.4), quality>=acceptable(5), quality>=excellent(8), quality>=good(7), residual_sugar=off_dry, sulphates>=high(0.8), sulphates>=medium(0.6), total_so2>=high(100), total_so2>=low(20), total_so2>=medium(60), volatile_acidity>=high(0.7), volatile_acidity>=low(0.3), volatile_acidity>=medium(0.5)",data-induced,"alcohol>=11, alcohol>=13, chlorides=high_salt, chlorides=low_salt, citric_acid_absent, citric_acid_present, density=heavy, density=light, fixed_acidity>=high(10), fixed_acidity>=low(6), fixed_acidity>=medium(8), free_so2>=high(30), free_so2>=low(6), free_so2>=medium(15), pH<=acidic(3.1), pH=neutral_range, pH>=basic(3.4), quality>=acceptable(5), quality>=excellent(8), quality>=good(7), sulphates>=high(0.8), sulphates>=medium(0.6), total_so2>=high(100), total_so2>=low(20), total_so2>=medium(60), volatile_acidity>=high(0.7), volatile_acidity>=low(0.3), volatile_acidity>=medium(0.5)",0
"pH=neutral_range, residual_sugar=dry",fixed_acidity>=low(6),data-induced,fixed_acidity>=low(6),111
"alcohol>=11, residual_sugar=dry",quality>=acceptable(5),data-induced,quality>=acceptable(5),56
"quality>=good(7), residual_sugar=dry","free_so2>=low(6), quality>=acceptable(5)",data-induced,free_so2>=low(6),22
"residual_sugar=off_dry, residual_sugar=sweet","alcohol>=11, alcohol>=13, chlorides=high_salt, chlorides=low_salt, citric_acid_absent, citric_acid_present, density=heavy, density=light, fixed_acidity>=high(10), fixed_acidity>=low(6), fixed_acidity>=medium(8), free_so2>=high(30), free_so2>=low(6), free_so2>=medium(15), pH<=acidic(3.1), pH=neutral_range, pH>=basic(3.4), quality>=acceptable(5), quality>=excellent(8), quality>=good(7), residual_sugar=dry, sulphates>=high(0.8), sulphates>=medium(0.6), total_so2>=high(100), total_so2>=low(20), total_so2>=medium(60), volatile_acidity>=high(0.7), volatile_acidity>=low(0.3), volatile_acidity>=medium(0.5)",data-induced,"alcohol>=11, alcohol>=13, chlorides=high_salt, chlorides=low_salt, citric_acid_absent, citric_acid_present, density=heavy, density=light, fixed_acidity>=high(10), fixed_acidity>=low(6), fixed_acidity>=medium(8), free_so2>=high(30), free_so2>=low(6), free_so2>=medium(15), pH<=acidic(3.1), pH=neutral_range, pH>=basic(3.4), quality>=acceptable(5), quality>=excellent(8), quality>=good(7), sulphates>=high(0.8), sulphates>=medium(0.6), total_so2>=high(100), total_so2>=low(20), total_so2>=medium(60), volatile_acidity>=high(0.7), volatile_acidity>=low(0.3), volatile_acidity>=medium(0.5)",0
"chlorides=low_salt, residual_sugar=off_dry","fixed_acidity>=low(6), volatile_acidity>=low(0.3)",data-induced,"fixed_acidity>=low(6), volatile_acidity>=low(0.3)",7
"free_so2>=low(6), residual_sugar=off_dry","fixed_acidity>=low(6), volatile_acidity>=low(0.3)",data-induced,"fixed_acidity>=low(6), volatile_acidity>=low(0.3)",10
"free_so2>=medium(15), residual_sugar=off_dry","fixed_acidity>=low(6), free_so2>=low(6), quality>=acceptable(5), total_so2>=low(20), volatile_acidity>=low(0.3)",data-induced,"fixed_acidity>=low(6), quality>=acceptable(5), total_so2>=low(20), volatile_acidity>=low(0.3)",5
"free_so2>=high(30), residual_sugar=off_dry","fixed_acidity>=low(6), free_so2>=low(6), free_so2>=medium(15), quality>=acceptable(5), total_so2>=high(100), total_so2>=low(20), total_so2>=medium(60), volatile_acidity>=low(0.3)",data-induced,"fixed_acidity>=low(6), quality>=acceptable(5), total_so2>=high(100), total_so2>=low(20), total_so2>=medium(60), volatile_acidity>=low(0.3)",2
"residual_sugar=off_dry, total_so2>=medium(60)","fixed_acidity>=low(6), free_so2>=low(6), free_so2>=medium(15), quality>=acceptable(5), total_so2>=low(20), volatile_acidity>=low(0.3)",data-induced,"fixed_acidity>=low(6), free_so2>=low(6), free_so2>=medium(15), quality>=acceptable(5), volatile_acidity>=low(0.3)",4
"residual_sugar=off_dry, total_so2>=high(100)","fixed_acidity>=low(6), free_so2>=low(6), free_so2>=medium(15), quality>=acceptable(5), total_so2>=low(20), total_so2>=medium(60), volatile_acidity>=low(0.3)",data-induced,"fixed_acidity>=low(6), free_so2>=low(6), free_so2>=medium(15), quality>=acceptable(5), volatile_acidity>=low(0.3)",3
"density=light, residual_sugar=off_dry","fixed_acidity>=low(6), free_so2>=low(6), volatile_acidity>=low(0.3)",data-induced,"fixed_acidity>=low(6), free_so2>=low(6), volatile_acidity>=low(0.3)",4
"pH<=acidic(3.1), residual_sugar=off_dry","alcohol>=11, chlorides=low_salt, citric_acid_present, density=light, fixed_acidity>=low(6), free_so2>=high(30), free_so2>=low(6), free_so2>=medium(15), quality>=acceptable(5), quality>=good(7), total_so2>=high(100), total_so2>=low(20), total_so2>=medium(60), volatile_acidity>=low(0.3)",data-induced,"alcohol>=11, chlorides=low_salt, citric_acid_present, density=light, fixed_acidity>=low(6), free_so2>=high(30), free_so2>=low(6), free_so2>=medium(15), quality>=acceptable(5), quality>=good(7), total_so2>=high(100), total_so2>=low(20), total_so2>=medium(60), volatile_acidity>=low(0.3)",1
"pH>=basic(3.4), residual_sugar=off_dry","citric_acid_absent, fixed_acidity>=low(6), volatile_acidity>=low(0.3), volatile_acidity>=medium(0.5)",data-induced,"citric_acid_absent, fixed_acidity>=low(6), volatile_acidity>=low(0.3), volatile_acidity>=medium(0.5)",4
"residual_sugar=off_dry, sulphates>=medium(0.6)","fixed_acidity>=low(6), quality>=acceptable(5)",data-induced,"fixed_acidity>=low(6), quality>=acceptable(5)",13
"residual_sugar=off_dry, sulphates>=high(0.8)","chlorides=high_salt, citric_acid_present, density=heavy, fixed_acidity>=high(10), fixed_acidity>=low(6), fixed_acidity>=medium(8), pH=neutral_range, quality>=acceptable(5), sulphates>=medium(0.6)",data-induced,"chlorides=high_salt, citric_acid_present, density=heavy, fixed_acidity>=high(10), fixed_acidity>=low(6), fixed_acidity>=medium(8), pH=neutral_range, quality>=acceptable(5)",2
"alcohol>=11, residual_sugar=off_dry","fixed_acidity>=low(6), volatile_acidity>=low(0.3)",data-induced,"fixed_acidity>=low(6), volatile_acidity>=low(0.3)",9
"alcohol>=13, residual_sugar=off_dry","alcohol>=11, chlorides=high_salt, chlorides=low_salt, citric_acid_absent, citric_acid_present, density=heavy, density=light, fixed_acidity>=high(10), fixed_acidity>=low(6), fixed_acidity>=medium(8), free_so2>=high(30), free_so2>=low(6), free_so2>=medium(15), pH<=acidic(3.1), pH=neutral_range, pH>=basic(3.4), quality>=acceptable(5), quality>=excellent(8), quality>=good(7), residual_sugar=dry, residual_sugar=sweet, sulphates>=high(0.8), sulphates>=medium(0.6), total_so2>=high(100), total_so2>=low(20), total_so2>=medium(60), volatile_acidity>=high(0.7), volatile_acidity>=low(0.3), volatile_acidity>=medium(0.5)",data-induced,"chlorides=high_salt, chlorides=low_salt, citric_acid_absent, citric_acid_present, density=heavy, density=light, fixed_acidity>=high(10), fixed_acidity>=low(6), fixed_acidity>=medium(8), free_so2>=high(30), free_so2>=low(6), free_so2>=medium(15), pH<=acidic(3.1), pH=neutral_range, pH>=basic(3.4), quality>=acceptable(5), quality>=excellent(8), quality>=good(7), sulphates>=high(0.8), sulphates>=medium(0.6), total_so2>=high(100), total_so2>=low(20), total_so2>=medium(60), volatile_acidity>=high(0.7), volatile_acidity>=low(0.3), volatile_acidity>=medium(0.5)",0
"quality>=good(7), residual_sugar=off_dry","fixed_acidity>=low(6), quality>=acceptable(5), volatile_acidity>=low(0.3)",data-induced,"fixed_acidity>=low(6), volatile_acidity>=low(0.3)",5
"quality>=excellent(8), residual_sugar=off_dry","alcohol>=11, alcohol>=13, chlorides=high_salt, chlorides=low_salt, citric_acid_absent, citric_acid_present, density=heavy, density=light, fixed_acidity>=high(10), fixed_acidity>=low(6), fixed_acidity>=medium(8), free_so2>=high(30), free_so2>=low(6), free_so2>=medium(15), pH<=acidic(3.1), pH=neutral_range, pH>=basic(3.4), quality>=acceptable(5), quality>=good(7), residual_sugar=dry, residual_sugar=sweet, sulphates>=high(0.8), sulphates>=medium(0.6), total_so2>=high(100), total_so2>=low(20), total_so2>=medium(60), volatile_acidity>=high(0.7), volatile_acidity>=low(0.3), volatile_acidity>=medium(0.5)",data-induced,"alcohol>=11, alcohol>=13, chlorides=high_salt, chlorides=low_salt, citric_acid_absent, citric_acid_present, density=heavy, density=light, fixed_acidity>=high(10), fixed_acidity>=low(6), fixed_acidity>=medium(8), free_so2>=high(30), free_so2>=low(6), free_so2>=medium(15), pH<=acidic(3.1), pH=neutral_range, pH>=basic(3.4), sulphates>=high(0.8), sulphates>=medium(0.6), total_so2>=high(100), total_so2>=low(20), total_so2>=medium(60), volatile_acidity>=high(0.7), volatile_acidity>=low(0.3), volatile_acidity>=medium(0.5)",0
"chlorides=high_salt, residual_sugar=sweet","alcohol>=11, alcohol>=13, chlorides=low_salt, citric_acid_absent, citric_acid_present, density=heavy, density=light, fixed_acidity>=high(10), fixed_acidity>=low(6), fixed_acidity>=medium(8), free_so2>=high(30), free_so2>=low(6), free_so2>=medium(15), pH<=acidic(3.1), pH=neutral_range, pH>=basic(3.4), quality>=acceptable(5), quality>=excellent(8), quality>=good(7), residual_sugar=dry, residual_sugar=off_dry, sulphates>=high(0.8), sulphates>=medium(0.6), total_so2>=high(100), total_so2>=low(20), total_so2>=medium(60), volatile_acidity>=high(0.7), volatile_acidity>=low(0.3), volatile_acidity>=medium(0.5)",data-induced,"alcohol>=11, alcohol>=13, citric_acid_absent, citric_acid_present, density=heavy, density=light, fixed_acidity>=high(10), fixed_acidity>=low(6), fixed_acidity>=medium(8), free_so2>=high(30), free_so2>=low(6), free_so2>=medium(15), pH<=acidic(3.1), pH=neutral_range, pH>=basic(3.4), quality>=acceptable(5), quality>=excellent(8), quality>=good(7), sulphates>=high(0.8), sulphates>=medium(0.6), total_so2>=high(100), total_so2>=low(20), total_so2>=medium(60), volatile_acidity>=high(0.7), volatile_acidity>=low(0.3), volatile_acidity>=medium(0.5)",0
"free_so2>=medium(15), residual_sugar=sweet","chlorides=low_salt, citric_acid_present, density=light, free_so2>=low(6), pH=neutral_range, quality>=acceptable(5), total_so2>=low(20), total_so2>=medium(60), volatile_acidity>=low(0.3)",data-induced,"chlorides=low_salt, citric_acid_present, density=light, pH=neutral_range, quality>=acceptable(5), total_so2>=low(20), total_so2>=medium(60), volatile_acidity>=low(0.3)",1
"free_so2>=high(30), residual_sugar=sweet","alcohol>=11, alcohol>=13, chlorides=high_salt, chlorides=low_salt, citric_acid_absent, citric_acid_present, density=heavy, density=light, fixed_acidity>=high(10), fixed_acidity>=low(6), fixed_acidity>=medium(8), free_so2>=low(6), free_so2>=medium(15), pH<=acidic(3.1), pH=neutral_range, pH>=basic(3.4), quality>=acceptable(5), quality>=excellent(8), quality>=good(7), residual_sugar=dry, residual_sugar=off_dry, sulphates>=high(0.8), sulphates>=medium(0.6), total_so2>=high(100), total_so2>=low(20), total_so2>=medium(60), volatile_acidity>=high(0.7), volatile_acidity>=low(0.3), volatile_acidity>=medium(0.5)",data-induced,"alcohol>=11, alcohol>=13, chlorides=high_salt, chlorides=low_salt, citric_acid_absent, citric_acid_present, density=heavy, density=light, fixed_acidity>=high(10), fixed_acidity>=low(6), fixed_acidity>=medium(8), pH<=acidic(3.1), pH=neutral_range, pH>=basic(3.4), quality>=acceptable(5), quality>=excellent(8), quality>=good(7), sulphates>=high(0.8), sulphates>=medium(0.6), total_so2>=high(100), total_so2>=low(20), total_so2>=medium(60), volatile_acidity>=high(0.7), volatile_acidity>=low(0.3), volatile_acidity>=medium(0.5)",0
"residual_sugar=sweet, total_so2>=medium(60)","chlorides=low_salt, citric_acid_present, density=light, free_so2>=low(6), free_so2>=medium(15), pH=neutral_range, quality>=acceptable(5), total_so2>=low(20), volatile_acidity>=low(0.3)",data-induced,"chlorides=low_salt, citric_acid_present, density=light, free_so2>=low(6), free_so2>=medium(15), pH=neutral_range, quality>=acceptable(5), volatile_acidity>=low(0.3)",1
"residual_sugar=sweet, total_so2>=high(100)","alcohol>=11, alcohol>=13, chlorides=high_salt, chlorides=low_salt, citric_acid_absent, citric_acid_present, density=heavy, density=light, fixed_acidity>=high(10), fixed_acidity>=low(6), fixed_acidity>=medium(8), free_so2>=high(30), free_so2>=low(6), free_so2>=medium(15), pH<=acidic(3.1), pH=neutral_range, pH>=basic(3.4), quality>=acceptable(5), quality>=excellent(8), quality>=good(7), residual_sugar=dry, residual_sugar=off_dry, sulphates>=high(0.8), sulphates>=medium(0.6), total_so2>=low(20), total_so2>=medium(60), volatile_acidity>=high(0.7), volatile_acidity>=low(0.3), volatile_acidity>=medium(0.5)",data-induced,"alcohol>=11, alcohol>=13, chlorides=high_salt, chlorides=low_salt, citric_acid_absent, citric_acid_present, density=heavy, density=light, fixed_acidity>=high(10), fixed_acidity>=low(6), fixed_acidity>=medium(8), free_so2>=high(30), free_so2>=low(6), free_so2>=medium(15), pH<=acidic(3.1), pH=neutral_range, pH>=basic(3.4), quality>=acceptable(5), quality>=excellent(8), quality>=good(7), sulphates>=high(0.8), sulphates>=medium(0.6), volatile_acidity>=high(0.7), volatile_acidity>=low(0.3), volatile_acidity>=medium(0.5)",0
"density=light, residual_sugar=sweet","chlorides=low_salt, citric_acid_present, free_so2>=low(6), free_so2>=medium(15), pH=neutral_range, quality>=acceptable(5), total_so2>=low(20), total_so2>=medium(60), volatile_acidity>=low(0.3)",data-induced,"chlorides=low_salt, citric_acid_present, free_so2>=low(6), free_so2>=medium(15), pH=neutral_range, quality>=acceptable(5), total_so2>=low(20), total_so2>=medium(60), volatile_acidity>=low(0.3)",1
"density=heavy, residual_sugar=sweet","chlorides=low_salt, citric_acid_present, fixed_acidity>=high(10), fixed_acidity>=low(6), fixed_acidity>=medium(8), free_so2>=low(6), pH=neutral_range, quality>=acceptable(5), sulphates>=medium(0.6), total_so2>=low(20)",data-induced,"chlorides=low_salt, citric_acid_present, fixed_acidity>=high(10), fixed_acidity>=low(6), fixed_acidity>=medium(8), free_so2>=low(6), pH=neutral_range, quality>=acceptable(5), sulphates>=medium(0.6), total_so2>=low(20)",1
"pH<=acidic(3.1), residual_sugar=sweet","alcohol>=11, alcohol>=13, chlorides=high_salt, chlorides=low_salt, citric_acid_absent, citric_acid_present, density=heavy, density=light, fixed_acidity>=high(10), fixed_acidity>=low(6), fixed_acidity>=medium(8), free_so2>=high(30), free_so2>=low(6), free_so2>=medium(15), pH=neutral_range, pH>=basic(3.4), quality>=acceptable(5), quality>=excellent(8), quality>=good(7), residual_sugar=dry, residual_sugar=off_dry, sulphates>=high(0.8), sulphates>=medium(0.6), total_so2>=high(100), total_so2>=low(20), total_so2>=medium(60), volatile_acidity>=high(0.7), volatile_acidity>=low(0.3), volatile_acidity>=medium(0.5)",data-induced,"alcohol>=11, alcohol>=13, chlorides=high_salt, chlorides=low_salt, citric_acid_absent, citric_acid_present, density=heavy, density=light, fixed_acidity>=high(10), fixed_acidity>=low(6), fixed_acidity>=medium(8), free_so2>=high(30), free_so2>=low(6), free_so2>=medium(15), quality>=acceptable(5), quality>=excellent(8), quality>=good(7), sulphates>=high(0.8), sulphates>=medium(0.6), total_so2>=high(100), total_so2>=low(20), total_so2>=medium(60), volatile_acidity>=high(0.7), volatile_acidity>=low(0.3), volatile_acidity>=medium(0.5)",0
"pH>=basic(3.4), residual_sugar=sweet","alcohol>=11, alcohol>=13, chlorides=high_salt, chlorides=low_salt, citric_acid_absent, citric_acid_present, density=heavy, density=light, fixed_acidity>=high(10), fixed_acidity>=low(6), fixed_acidity>=medium(8), free_so2>=high(30), free_so2>=low(6), free_so2>=medium(15), pH<=acidic(3.1), pH=neutral_range, quality>=acceptable(5), quality>=excellent(8), quality>=good(7), residual_sugar=dry, residual_sugar=off_dry, sulphates>=high(0.8), sulphates>=medium(0.6), total_so2>=high(100), total_so2>=low(20), total_so2>=medium(60), volatile_acidity>=high(0.7), volatile_acidity>=low(0.3), volatile_acidity>=medium(0.5)",data-induced,"alcohol>=11, alcohol>=13, chlorides=high_salt, chlorides=low_salt, citric_acid_absent, citric_acid_present, density=heavy, density=light, fixed_acidity>=high(10), fixed_acidity>=low(6), fixed_acidity>=medium(8), free_so2>=high(30), free_so2>=low(6), free_so2>=medium(15), quality>=acceptable(5), quality>=excellent(8), quality>=good(7), sulphates>=high(0.8), sulphates>=medium(0.6), total_so2>=high(100), total_so2>=low(20), total_so2>=medium(60), volatile_acidity>=high(0.7), volatile_acidity>=low(0.3), volatile_acidity>=medium(0.5)",0
"residual_sugar=sweet, sulphates>=medium(0.6)","chlorides=low_salt, citric_acid_present, density=heavy, fixed_acidity>=high(10), fixed_acidity>=low(6), fixed_acidity>=medium(8), free_so2>=low(6), pH=neutral_range, quality>=acceptable(5), total_so2>=low(20)",data-induced,"chlorides=low_salt, citric_acid_present, density=heavy, fixed_acidity>=high(10), fixed_acidity>=low(6), fixed_acidity>=medium(8), free_so2>=low(6), pH=neutral_range, quality>=acceptable(5), total_so2>=low(20)",1
"residual_sugar=sweet, sulphates>=high(0.8)","alcohol>=11, alcohol>=13, chlorides=high_salt, chlorides=low_salt, citric_acid_absent, citric_acid_present, density=heavy, density=light, fixed_acidity>=high(10), fixed_acidity>=low(6), fixed_acidity>=medium(8), free_so2>=high(30), free_so2>=low(6), free_so2>=medium(15), pH<=acidic(3.1), pH=neutral_range, pH>=basic(3.4), quality>=acceptable(5), quality>=excellent(8), quality>=good(7), residual_sugar=dry, residual_sugar=off_dry, sulphates>=medium(0.6), total_so2>=high(100), total_so2>=low(20), total_so2>=medium(60), volatile_acidity>=high(0.7), volatile_acidity>=low(0.3), volatile_acidity>=medium(0.5)",data-induced,"alcohol>=11, alcohol>=13, chlorides=high_salt, chlorides=low_salt, citric_acid_absent, citric_acid_present, density=heavy, density=light, fixed_acidity>=high(10), fixed_acidity>=low(6), fixed_acidity>=medium(8), free_so2>=high(30), free_so2>=low(6), free_so2>=medium(15), pH<=acidic(3.1), pH=neutral_range, pH>=basic(3.4), quality>=acceptable(5), quality>=excellent(8), quality>=good(7), total_so2>=high(100), total_so2>=low(20), total_so2>=medium(60), volatile_acidity>=high(0.7), volatile_acidity>=low(0.3), volatile_acidity>=medium(0.5)",0
"alcohol>=11, residual_sugar=sweet","alcohol>=13, chlorides=high_salt, chlorides=low_salt, citric_acid_absent, citric_acid_present, density=heavy, density=light, fixed_acidity>=high(10), fixed_acidity>=low(6), fixed_acidity>=medium(8), free_so2>=high(30), free_so2>=low(6), free_so2>=medium(15), pH<=acidic(3.1), pH=neutral_range, pH>=basic(3.4), quality>=acceptable(5), quality>=excellent(8), quality>=good(7), residual_sugar=dry, residual_sugar=off_dry, sulphates>=high(0.8), sulphates>=medium(0.6), total_so2>=high(100), total_so2>=low(20), total_so2>=medium(60), volatile_acidity>=high(0.7), volatile_acidity>=low(0.3), volatile_acidity>=medium(0.5)",data-induced,"chlorides=high_salt, chlorides=low_salt, citric_acid_absent, citric_acid_present, density=heavy, density=light, fixed_acidity>=high(10), fixed_acidity>=low(6), fixed_acidity>=medium(8), free_so2>=high(30), free_so2>=low(6), free_so2>=medium(15), pH<=acidic(3.1), pH=neutral_range, pH>=basic(3.4), quality>=acceptable(5), quality>=excellent(8), quality>=good(7), sulphates>=high(0.8), sulphates>=medium(0.6), total_so2>=high(100), total_so2>=low(20), total_so2>=medium(60), volatile_acidity>=high(0.7), volatile_acidity>=low(0.3), volatile_acidity>=medium(0.5)",0
"alcohol>=13, residual_sugar=sweet","alcohol>=11, chlorides=high_salt, chlorides=low_salt, citric_acid_absent, citric_acid_present, density=heavy, density=light, fixed_acidity>=high(10), fixed_acidity>=low(6), fixed_acidity>=medium(8), free_so2>=high(30), free_so2>=low(6), free_so2>=medium(15), pH<=acidic(3.1), pH=neutral_range, pH>=basic(3.4), quality>=acceptable(5), quality>=excellent(8), quality>=good(7), residual_sugar=dry, residual_sugar=off_dry, sulphates>=high(0.8), sulphates>=medium(0.6), total_so2>=high(100), total_so2>=low(20), total_so2>=medium(60), volatile_acidity>=high(0.7), volatile_acidity>=low(0.3), volatile_acidity>=medium(0.5)",data-induced,"chlorides=high_salt, chlorides=low_salt, citric_acid_absent, citric_acid_present, density=heavy, density=light, fixed_acidity>=high(10), fixed_acidity>=low(6), fixed_acidity>=medium(8), free_so2>=high(30), free_so2>=low(6), free_so2>=medium(15), pH<=acidic(3.1), pH=neutral_range, pH>=basic(3.4), quality>=acceptable(5), quality>=excellent(8), quality>=good(7), sulphates>=high(0.8), sulphates>=medium(0.6), total_so2>=high(100), total_so2>=low(20), total_so2>=medium(60), volatile_acidity>=high(0.7), volatile_acidity>=low(0.3), volatile_acidity>=medium(0.5)",0
"quality>=good(7), residual_sugar=sweet","alcohol>=11, alcohol>=13, chlorides=high_salt, chlorides=low_salt, citric_acid_absent, citric_acid_present, density=heavy, density=light, fixed_acidity>=high(10), fixed_acidity>=low(6), fixed_acidity>=medium(8), free_so2>=high(30), free_so2>=low(6), free_so2>=medium(15), pH<=acidic(3.1), pH=neutral_range, pH>=basic(3.4), quality>=acceptable(5), quality>=excellent(8), residual_sugar=dry, residual_sugar=off_dry, sulphates>=high(0.8), sulphates>=medium(0.6), total_so2>=high(100), total_so2>=low(20), total_so2>=medium(60), volatile_acidity>=high(0.7), volatile_acidity>=low(0.3), volatile_acidity>=medium(0.5)",data-induced,"alcohol>=11, alcohol>=13, chlorides=high_salt, chlorides=low_salt, citric_acid_absent, citric_acid_present, density=heavy, density=light, fixed_acidity>=high(10), fixed_acidity>=low(6), fixed_acidity>=medium(8), free_so2>=high(30), free_so2>=low(6), free_so2>=medium(15), pH<=acidic(3.1), pH=neutral_range, pH>=basic(3.4), sulphates>=high(0.8), sulphates>=medium(0.6), total_so2>=high(100), total_so2>=low(20), total_so2>=medium(60), volatile_acidity>=high(0.7), volatile_acidity>=low(0.3), volatile_acidity>=medium(0.5)",0
"quality>=excellent(8), residual_sugar=sweet","alcohol>=11, alcohol>=13, chlorides=high_salt, chlorides=low_salt, citric_acid_absent, citric_acid_present, density=heavy, density=light, fixed_acidity>=high(10), fixed_acidity>=low(6), fixed_acidity>=medium(8), free_so2>=high(30), free_so2>=low(6), free_so2>=medium(15), pH<=acidic(3.1), pH=neutral_range, pH>=basic(3.4), quality>=acceptable(5), quality>=good(7), residual_sugar=dry, residual_sugar=off_dry, sulphates>=high(0.8), sulphates>=medium(0.6), total_so2>=high(100), total_so2>=low(20), total_so2>=medium(60), volatile_acidity>=high(0.7), volatile_acidity>=low(0.3), volatile_acidity>=medium(0.5)",data-induced,"alcohol>=11, alcohol>=13, chlorides=high_salt, chlorides=low_salt, citric_acid_absent, citric_acid_present, density=heavy, density=light, fixed_acidity>=high(10), fixed_acidity>=low(6), fixed_acidity>=medium(8), free_so2>=high(30), free_so2>=low(6), free_so2>=medium(15), pH<=acidic(3.1), pH=neutral_range, pH>=basic(3.4), sulphates>=high(0.8), sulphates>=medium(0.6), total_so2>=high(100), total_so2>=low(20), total_so2>=medium(60), volatile_acidity>=high(0.7), volatile_acidity>=low(0.3), volatile_acidity>=medium(0.5)",0
"chlorides=high_salt, chlorides=low_salt","alcohol>=11, alcohol>=13, citric_acid_absent, citric_acid_present, density=heavy, density=light, fixed_acidity>=high(10), fixed_acidity>=low(6), fixed_acidity>=medium(8), free_so2>=high(30), free_so2>=low(6), free_so2>=medium(15), pH<=acidic(3.1), pH=neutral_range, pH>=basic(3.4), quality>=acceptable(5), quality>=excellent(8), quality>=good(7), residual_sugar=dry, residual_sugar=off_dry, residual_sugar=sweet, sulphates>=high(0.8), sulphates>=medium(0.6), total_so2>=high(100), total_so2>=low(20), total_so2>=medium(60), volatile_acidity>=high(0.7), volatile_acidity>=low(0.3), volatile_acidity>=medium(0.5)",data-induced,"alcohol>=11, alcohol>=13, citric_acid_absent, citric_acid_present, density=heavy, density=light, fixed_acidity>=high(10), fixed_acidity>=low(6), fixed_acidity>=medium(8), free_so2>=high(30), free_so2>=low(6), free_so2>=medium(15), pH<=acidic(3.1), pH=neutral_range, pH>=basic(3.4), quality>=acceptable(5), quality>=excellent(8), quality>=good(7), residual_sugar=dry, residual_sugar=off_dry, residual_sugar=sweet, sulphates>=high(0.8), sulphates>=medium(0.6), total_so2>=high(100), total_so2>=low(20), total_so2>=medium(60), volatile_acidity>=high(0.7), volatile_acidity>=low(0.3), volatile_acidity>=medium(0.5)",0
"chlorides=low_salt, free_so2>=medium(15)","free_so2>=low(6), quality>=acceptable(5), total_so2>=low(20)",data-induced,"quality>=acceptable(5), total_so2>=low(20)",46
"chlorides=low_salt, total_so2>=low(20)",free_so2>=low(6),data-induced,free_so2>=low(6),83
"chlorides=low_salt, total_so2>=medium(60)","free_so2>=low(6), quality>=acceptable(5), total_so2>=low(20)",data-induced,"free_so2>=low(6), quality>=acceptable(5)",19
"chlorides=low_salt, total_so2>=high(100)","free_so2>=low(6), free_so2>=medium(15), quality>=acceptable(5), total_so2>=low(20), total_so2>=medium(60)",data-induced,"free_so2>=low(6), free_so2>=medium(15), quality>=acceptable(5)",5
"chlorides=low_salt, pH<=acidic(3.1)","fixed_acidity>=low(6), free_so2>=low(6), total_so2>=low(20)",data-induced,"fixed_acidity>=low(6), free_so2>=low(6), total_so2>=low(20)",8
"chlorides=low_salt, sulphates>=high(0.8)","free_so2>=low(6), quality>=acceptable(5), residual_sugar=dry, sulphates>=medium(0.6)",data-induced,"free_so2>=low(6), quality>=acceptable(5), residual_sugar=dry",12
"alcohol>=13, chlorides=low_salt","alcohol>=11, citric_acid_absent, density=light, free_so2>=low(6), quality>=acceptable(5), residual_sugar=dry, total_so2>=low(20), volatile_acidity>=low(0.3)",data-induced,"citric_acid_absent, density=light, free_so2>=low(6), quality>=acceptable(5), residual_sugar=dry, total_so2>=low(20), volatile_acidity>=low(0.3)",3
"chlorides=high_salt, free_so2>=high(30)","fixed_acidity>=low(6), free_so2>=low(6), free_so2>=medium(15), quality>=acceptable(5), sulphates>=medium(0.6), total_so2>=low(20), volatile_acidity>=low(0.3), volatile_acidity>=medium(0.5)",data-induced,"fixed_acidity>=low(6), quality>=acceptable(5), sulphates>=medium(0.6), total_so2>=low(20), volatile_acidity>=low(0.3), volatile_acidity>=medium(0.5)",3
"chlorides=high_salt, total_so2>=medium(60)","fixed_acidity>=low(6), free_so2>=low(6), total_so2>=low(20), volatile_acidity>=low(0.3)",data-induced,"fixed_acidity>=low(6), free_so2>=low(6), volatile_acidity>=low(0.3)",16
"chlorides=high_salt, total_so2>=high(100)","fixed_acidity>=low(6), free_so2>=low(6), total_so2>=low(20), total_so2>=medium(60), volatile_acidity>=low(0.3)",data-induced,"fixed_acidity>=low(6), free_so2>=low(6), volatile_acidity>=low(0.3)",9
"chlorides=high_salt, density=light","fixed_acidity>=low(6), quality>=acceptable(5)",data-induced,"fixed_acidity>=low(6), quality>=acceptable(5)",38
"chlorides=high_salt, pH<=acidic(3.1)","fixed_acidity>=low(6), free_so2>=low(6), quality>=acceptable(5), residual_sugar=dry",data-induced,"fixed_acidity>=low(6), free_so2>=low(6), quality>=acceptable(5), residual_sugar=dry",13
"chlorides=high_salt, pH>=basic(3.4)","fixed_acidity>=low(6), volatile_acidity>=low(0.3)",data-induced,"fixed_acidity>=low(6), volatile_acidity>=low(0.3)",19
"alcohol>=11, chlorides=high_salt","fixed_acidity>=low(6), quality>=acceptable(5)",data-induced,"fixed_acidity>=low(6), quality>=acceptable(5)",23
"alcohol>=13, chlorides=high_salt","alcohol>=11, citric_acid_present, density=light, fixed_acidity>=low(6), fixed_acidity>=medium(8), pH=neutral_range, quality>=acceptable(5), residual_sugar=dry, volatile_acidity>=low(0.3)",data-induced,"citric_acid_present, density=light, fixed_acidity>=low(6), fixed_acidity>=medium(8), pH=neutral_range, quality>=acceptable(5), residual_sugar=dry, volatile_acidity>=low(0.3)",1
"chlorides=high_salt, quality>=good(7)","fixed_acidity>=low(6), free_so2>=low(6), quality>=acceptable(5)",data-induced,"fixed_acidity>=low(6), free_so2>=low(6)",11
"chlorides=high_salt, quality>=excellent(8)","alcohol>=11, alcohol>=13, chlorides=low_salt, citric_acid_absent, citric_acid_present, density=heavy, density=light, fixed_acidity>=high(10), fixed_acidity>=low(6), fixed_acidity>=medium(8), free_so2>=high(30), free_so2>=low(6), free_so2>=medium(15), pH<=acidic(3.1), pH=neutral_range, pH>=basic(3.4), quality>=acceptable(5), quality>=good(7), residual_sugar=dry, residual_sugar=off_dry, residual_sugar=sweet, sulphates>=high(0.8), sulphates>=medium(0.6), total_so2>=high(100), total_so2>=low(20), total_so2>=medium(60), volatile_acidity>=high(0.7), volatile_acidity>=low(0.3), volatile_acidity>=medium(0.5)",data-induced,"alcohol>=11, alcohol>=13, citric_acid_absent, citric_acid_present, density=heavy, density=light, fixed_acidity>=high(10), fixed_acidity>=low(6), fixed_acidity>=medium(8), free_so2>=high(30), free_so2>=low(6), free_so2>=medium(15), pH<=acidic(3.1), pH=neutral_range, pH>=basic(3.4), residual_sugar=dry, residual_sugar=off_dry, residual_sugar=sweet, sulphates>=high(0.8), sulphates>=medium(0.6), total_so2>=high(100), total_so2>=low(20), total_so2>=medium(60), volatile_acidity>=high(0.7), volatile_acidity>=low(0.3), volatile_acidity>=medium(0.5)",0
"free_so2>=low(6), sulphates>=high(0.8)","residual_sugar=dry, sulphates>=medium(0.6)",data-induced,residual_sugar=dry,23
"alcohol>=13, free_so2>=low(6)","alcohol>=11, chlorides=low_salt, citric_acid_absent, density=light, quality>=acceptable(5), residual_sugar=dry, total_so2>=low(20), volatile_acidity>=low(0.3)",data-induced,"chlorides=low_salt, citric_acid_absent, density=light, quality>=acceptable(5), residual_sugar=dry, total_so2>=low(20), volatile_acidity>=low(0.3)",3
"density=light, free_so2>=medium(15)","free_so2>=low(6), quality>=acceptable(5), total_so2>=low(20)",data-induced,"quality>=acceptable(5), total_so2>=low(20)",48
"free_so2>=medium(15), pH<=acidic(3.1)","citric_acid_present, fixed_acidity>=low(6), free_so2>=low(6), quality>=acceptable(5), total_so2>=low(20)",data-induced,"citric_acid_present, fixed_acidity>=low(6), quality>=acceptable(5), total_so2>=low(20)",6
"free_so2>=medium(15), pH>=basic(3.4)","free_so2>=low(6), quality>=acceptable(5), total_so2>=low(20), volatile_acidity>=low(0.3)",data-induced,"quality>=acceptable(5), total_so2>=low(20), volatile_acidity>=low(0.3)",22
"free_so2>=medium(15), sulphates>=high(0.8)","free_so2>=low(6), residual_sugar=dry, sulphates>=medium(0.6), total_so2>=low(20)",data-induced,"residual_sugar=dry, total_so2>=low(20)",12
"alcohol>=11, free_so2>=medium(15)","free_so2>=low(6), quality>=acceptable(5), total_so2>=low(20)",data-induced,"quality>=acceptable(5), total_so2>=low(20)",32
"alcohol>=13, free_so2>=medium(15)","alcohol>=11, chlorides=low_salt, citric_acid_absent, density=light, free_so2>=low(6), pH>=basic(3.4), quality>=acceptable(5), quality>=good(7), residual_sugar=dry, sulphates>=medium(0.6), total_so2>=low(20), volatile_acidity>=low(0.3)",data-induced,"chlorides=low_salt, citric_acid_absent, density=light, pH>=basic(3.4), quality>=acceptable(5), quality>=good(7), residual_sugar=dry, sulphates>=medium(0.6), total_so2>=low(20), volatile_acidity>=low(0.3)",2
"density=heavy, free_so2>=high(30)","fixed_acidity>=low(6), free_so2>=low(6), free_so2>=medium(15), quality>=acceptable(5), total_so2>=low(20), volatile_acidity>=low(0.3)",data-induced,"fixed_acidity>=low(6), quality>=acceptable(5), total_so2>=low(20), volatile_acidity>=low(0.3)",4
"free_so2>=high(30), pH<=acidic(3.1)","alcohol>=11, chlorides=low_salt, citric_acid_present, density=light, fixed_acidity>=low(6), free_so2>=low(6), free_so2>=medium(15), quality>=acceptable(5), total_so2>=high(100), total_so2>=low(20), total_so2>=medium(60)",data-induced,"alcohol>=11, chlorides=low_salt, citric_acid_present, density=light, fixed_acidity>=low(6), quality>=acceptable(5), total_so2>=high(100), total_so2>=low(20), total_so2>=medium(60)",2
"free_so2>=high(30), pH>=basic(3.4)","fixed_acidity>=low(6), free_so2>=low(6), free_so2>=medium(15), quality>=acceptable(5), residual_sugar=dry, total_so2>=low(20), volatile_acidity>=low(0.3)",data-induced,"fixed_acidity>=low(6), quality>=acceptable(5), residual_sugar=dry, total_so2>=low(20), volatile_acidity>=low(0.3)",6
"free_so2>=high(30), sulphates>=high(0.8)","chlorides=low_salt, citric_acid_absent, density=light, fixed_acidity>=low(6), free_so2>=low(6), free_so2>=medium(15), quality>=acceptable(5), residual_sugar=dry, sulphates>=medium(0.6), total_so2>=low(20), volatile_acidity>=low(0.3), volatile_acidity>=medium(0.5)",data-induced,"chlorides=low_salt, citric_acid_absent, density=light, fixed_acidity>=low(6), quality>=acceptable(5), residual_sugar=dry, total_so2>=low(20), volatile_acidity>=low(0.3), volatile_acidity>=medium(0.5)",2
"alcohol>=13, free_so2>=high(30)","alcohol>=11, chlorides=high_salt, chlorides=low_salt, citric_acid_absent, citric_acid_present, density=heavy, density=light, fixed_acidity>=high(10), fixed_acidity>=low(6), fixed_acidity>=medium(8), free_so2>=low(6), free_so2>=medium(15), pH<=acidic(3.1), pH=neutral_range, pH>=basic(3.4), quality>=acceptable(5), quality>=excellent(8), quality>=good(7), residual_sugar=dry, residual_sugar=off_dry, residual_sugar=sweet, sulphates>=high(0.8), sulphates>=medium(0.6), total_so2>=high(100), total_so2>=low(20), total_so2>=medium(60), volatile_acidity>=high(0.7), volatile_acidity>=low(0.3), volatile_acidity>=medium(0.5)",data-induced,"chlorides=high_salt, chlorides=low_salt, citric_acid_absent, citric_acid_present, density=heavy, density=light, fixed_acidity>=high(10), fixed_acidity>=low(6), fixed_acidity>=medium(8), pH<=acidic(3.1), pH=neutral_range, pH>=basic(3.4), quality>=acceptable(5), quality>=excellent(8), quality>=good(7), residual_sugar=dry, residual_sugar=off_dry, residual_sugar=sweet, sulphates>=high(0.8), sulphates>=medium(0.6), total_so2>=high(100), total_so2>=low(20), total_so2>=medium(60), volatile_acidity>=high(0.7), volatile_acidity>=low(0.3), volatile_acidity>=medium(0.5)",0
"free_so2>=high(30), quality>=good(7)","chlorides=low_salt, citric_acid_present, fixed_acidity>=low(6), free_so2>=low(6), free_so2>=medium(15), quality>=acceptable(5), total_so2>=low(20)",data-induced,"chlorides=low_salt, citric_acid_present, fixed_acidity>=low(6), total_so2>=low(20)",3
"free_so2>=high(30), quality>=excellent(8)","alcohol>=11, alcohol>=13, chlorides=high_salt, chlorides=low_salt, citric_acid_absent, citric_acid_present, density=heavy, density=light, fixed_acidity>=high(10), fixed_acidity>=low(6), fixed_acidity>=medium(8), free_so2>=low(6), free_so2>=medium(15), pH<=acidic(3.1), pH=neutral_range, pH>=basic(3.4), quality>=acceptable(5), quality>=good(7), residual_sugar=dry, residual_sugar=off_dry, residual_sugar=sweet, sulphates>=high(0.8), sulphates>=medium(0.6), total_so2>=high(100), total_so2>=low(20), total_so2>=medium(60), volatile_acidity>=high(0.7), volatile_acidity>=low(0.3), volatile_acidity>=medium(0.5)",data-induced,"alcohol>=11, alcohol>=13, chlorides=high_salt, chlorides=low_salt, citric_acid_absent, citric_acid_present, density=heavy, density=light, fixed_acidity>=high(10), fixed_acidity>=low(6), fixed_acidity>=medium(8), pH<=acidic(3.1), pH=neutral_range, pH>=basic(3.4), residual_sugar=dry, residual_sugar=off_dry, residual_sugar=sweet, sulphates>=high(0.8), sulphates>=medium(0.6), total_so2>=high(100), total_so2>=low(20), total_so2>=medium(60), volatile_acidity>=high(0.7), volatile_acidity>=low(0.3), volatile_acidity>=medium(0.5)",0
"alcohol>=11, total_so2>=low(20)",free_so2>=low(6),data-induced,free_so2>=low(6),46
"alcohol>=13, total_so2>=low(20)","alcohol>=11, chlorides=low_salt, citric_acid_absent, density=light, free_so2>=low(6), quality>=acceptable(5), residual_sugar=dry, volatile_acidity>=low(0.3)",data-induced,"chlorides=low_salt, citric_acid_absent, density=light, free_so2>=low(6), quality>=acceptable(5), residual_sugar=dry, volatile_acidity>=low(0.3)",3
"quality>=good(7), total_so2>=low(20)","free_so2>=low(6), quality>=acceptable(5)",data-induced,free_so2>=low(6),18
"density=light, total_so2>=medium(60)","free_so2>=low(6), quality>=acceptable(5), total_so2>=low(20)",data-induced,"free_so2>=low(6), quality>=acceptable(5)",22
"density=heavy, total_so2>=medium(60)","fixed_acidity>=low(6), free_so2>=low(6), total_so2>=low(20), volatile_acidity>=low(0.3)",data-induced,"fixed_acidity>=low(6), free_so2>=low(6), volatile_acidity>=low(0.3)",13
"pH<=acidic(3.1), total_so2>=medium(60)","citric_acid_present, fixed_acidity>=low(6), free_so2>=low(6), free_so2>=medium(15), quality>=acceptable(5), total_so2>=high(100), total_so2>=low(20)",data-induced,"citric_acid_present, fixed_acidity>=low(6), free_so2>=low(6), free_so2>=medium(15), quality>=acceptable(5)",3
"pH>=basic(3.4), total_so2>=medium(60)","free_so2>=low(6), free_so2>=medium(15), quality>=acceptable(5), residual_sugar=dry, total_so2>=low(20), volatile_acidity>=low(0.3)",data-induced,"free_so2>=low(6), free_so2>=medium(15), quality>=acceptable(5), residual_sugar=dry, volatile_acidity>=low(0.3)",7
"sulphates>=high(0.8), total_so2>=medium(60)","free_so2>=low(6), residual_sugar=dry, sulphates>=medium(0.6), total_so2>=high(100), total_so2>=low(20), volatile_acidity>=low(0.3)",data-induced,"free_so2>=low(6), residual_sugar=dry, volatile_acidity>=low(0.3)",4
"alcohol>=11, total_so2>=medium(60)","free_so2>=low(6), free_so2>=medium(15), quality>=acceptable(5), total_so2>=low(20)",data-induced,"free_so2>=low(6), free_so2>=medium(15), quality>=acceptable(5)",11
"alcohol>=13, total_so2>=medium(60)","alcohol>=11, chlorides=low_salt, citric_acid_absent, density=light, free_so2>=low(6), free_so2>=medium(15), pH>=basic(3.4), quality>=acceptable(5), quality>=good(7), residual_sugar=dry, sulphates>=medium(0.6), total_so2>=low(20), volatile_acidity>=low(0.3)",data-induced,"chlorides=low_salt, citric_acid_absent, density=light, free_so2>=low(6), free_so2>=medium(15), pH>=basic(3.4), quality>=acceptable(5), quality>=good(7), residual_sugar=dry, sulphates>=medium(0.6), volatile_acidity>=low(0.3)",1
"quality>=good(7), total_so2>=medium(60)","alcohol>=11, chlorides=low_salt, density=light, free_so2>=low(6), free_so2>=medium(15), quality>=acceptable(5), total_so2>=low(20)",data-induced,"alcohol>=11, chlorides=low_salt, density=light, free_so2>=low(6), free_so2>=medium(15)",4
"quality>=excellent(8), total_so2>=medium(60)","alcohol>=11, alcohol>=13, chlorides=high_salt, chlorides=low_salt, citric_acid_absent, citric_acid_present, density=heavy, density=light, fixed_acidity>=high(10), fixed_acidity>=low(6), fixed_acidity>=medium(8), free_so2>=high(30), free_so2>=low(6), free_so2>=medium(15), pH<=acidic(3.1), pH=neutral_range, pH>=basic(3.4), quality>=acceptable(5), quality>=good(7), residual_sugar=dry, residual_sugar=off_dry, residual_sugar=sweet, sulphates>=high(0.8), sulphates>=medium(0.6), total_so2>=high(100), total_so2>=low(20), volatile_acidity>=high(0.7), volatile_acidity>=low(0.3), volatile_acidity>=medium(0.5)",data-induced,"alcohol>=11, alcohol>=13, chlorides=high_salt, chlorides=low_salt, citric_acid_absent, citric_acid_present, density=heavy, density=light, fixed_acidity>=high(10), fixed_acidity>=low(6), fixed_acidity>=medium(8), free_so2>=high(30), free_so2>=low(6), free_so2>=medium(15), pH<=acidic(3.1), pH=neutral_range, pH>=basic(3.4), residual_sugar=dry, residual_sugar=off_dry, residual_sugar=sweet, sulphates>=high(0.8), sulphates>=medium(0.6), volatile_acidity>=high(0.7), volatile_acidity>=low(0.3), volatile_acidity>=medium(0.5)",0
"density=light, total_so2>=high(100)","free_so2>=low(6), quality>=acceptable(5), total_so2>=low(20), total_so2>=medium(60)",data-induced,"free_so2>=low(6), quality>=acceptable(5)",8
"density=heavy, total_so2>=high(100)","fixed_acidity>=low(6), free_so2>=low(6), sulphates>=medium(0.6), total_so2>=low(20), total_so2>=medium(60), volatile_acidity>=low(0.3)",data-induced,"fixed_acidity>=low(6), free_so2>=low(6), sulphates>=medium(0.6), volatile_acidity>=low(0.3)",6
"pH<=acidic(3.1), total_so2>=high(100)","citric_acid_present, fixed_acidity>=low(6), free_so2>=low(6), free_so2>=medium(15), quality>=acceptable(5), total_so2>=low(20), total_so2>=medium(60)",data-induced,"citric_acid_present, fixed_acidity>=low(6), free_so2>=low(6), free_so2>=medium(15), quality>=acceptable(5)",3
"pH>=basic(3.4), total_so2>=high(100)","alcohol>=11, free_so2>=low(6), free_so2>=medium(15), quality>=acceptable(5), residual_sugar=dry, sulphates>=medium(0.6), total_so2>=low(20), total_so2>=medium(60), volatile_acidity>=low(0.3), volatile_acidity>=medium(0.5)",data-induced,"alcohol>=11, free_so2>=low(6), free_so2>=medium(15), quality>=acceptable(5), residual_sugar=dry, sulphates>=medium(0.6), volatile_acidity>=low(0.3), volatile_acidity>=medium(0.5)",2
"pH=neutral_range, total_so2>=high(100)","fixed_acidity>=low(6), free_so2>=low(6), total_so2>=low(20), total_so2>=medium(60)",data-induced,"fixed_acidity>=low(6), free_so2>=low(6)",9
"sulphates>=medium(0.6), total_so2>=high(100)","free_so2>=low(6), total_so2>=low(20), total_so2>=medium(60), volatile_acidity>=low(0.3)",data-induced,"free_so2>=low(6), volatile_acidity>=low(0.3)",10
"sulphates>=high(0.8), total_so2>=high(100)","free_so2>=low(6), residual_sugar=dry, sulphates>=medium(0.6), total_so2>=low(20), total_so2>=medium(60), volatile_acidity>=low(0.3)",data-induced,"free_so2>=low(6), residual_sugar=dry, volatile_acidity>=low(0.3)",4
"alcohol>=11, total_so2>=high(100)","free_so2>=low(6), free_so2>=medium(15), quality>=acceptable(5), total_so2>=low(20), total_so2>=medium(60)",data-induced,"free_so2>=low(6), free_so2>=medium(15), quality>=acceptable(5)",5
"alcohol>=13, total_so2>=high(100)","alcohol>=11, chlorides=high_salt, chlorides=low_salt, citric_acid_absent, citric_acid_present, density=heavy, density=light, fixed_acidity>=high(10), fixed_acidity>=low(6), fixed_acidity>=medium(8), free_so2>=high(30), free_so2>=low(6), free_so2>=medium(15), pH<=acidic(3.1), pH=neutral_range, pH>=basic(3.4), quality>=acceptable(5), quality>=excellent(8), quality>=good(7), residual_sugar=dry, residual_sugar=off_dry, residual_sugar=sweet, sulphates>=high(0.8), sulphates>=medium(0.6), total_so2>=low(20), total_so2>=medium(60), volatile_acidity>=high(0.7), volatile_acidity>=low(0.3), volatile_acidity>=medium(0.5)",data-induced,"chlorides=high_salt, chlorides=low_salt, citric_acid_absent, citric_acid_present, density=heavy, density=light, fixed_acidity>=high(10), fixed_acidity>=low(6), fixed_acidity>=medium(8), free_so2>=high(30), free_so2>=low(6), free_so2>=medium(15), pH<=acidic(3.1), pH=neutral_range, pH>=basic(3.4), quality>=acceptable(5), quality>=excellent(8), quality>=good(7), residual_sugar=dry, residual_sugar=off_dry, residual_sugar=sweet, sulphates>=high(0.8), sulphates>=medium(0.6), volatile_acidity>=high(0.7), volatile_acidity>=low(0.3), volatile_acidity>=medium(0.5)",0
"quality>=good(7), total_so2>=high(100)","alcohol>=11, chlorides=low_salt, density=light, free_so2>=low(6), free_so2>=medium(15), quality>=acceptable(5), total_so2>=low(20), total_so2>=medium(60), volatile_acidity>=low(0.3)",data-induced,"alcohol>=11, chlorides=low_salt, density=light, free_so2>=low(6), free_so2>=medium(15), volatile_acidity>=low(0.3)",2
"quality>=excellent(8), total_so2>=high(100)","alcohol>=11, alcohol>=13, chlorides=high_salt, chlorides=low_salt, citric_acid_absent, citric_acid_present, density=heavy, density=light, fixed_acidity>=high(10), fixed_acidity>=low(6), fixed_acidity>=medium(8), free_so2>=high(30), free_so2>=low(6), free_so2>=medium(15), pH<=acidic(3.1), pH=neutral_range, pH>=basic(3.4), quality>=acceptable(5), quality>=good(7), residual_sugar=dry, residual_sugar=off_dry, residual_sugar=sweet, sulphates>=high(0.8), sulphates>=medium(0.6), total_so2>=low(20), total_so2>=medium(60), volatile_acidity>=high(0.7), volatile_acidity>=low(0.3), volatile_acidity>=medium(0.5)",data-induced,"alcohol>=11, alcohol>=13, chlorides=high_salt, chlorides=low_salt, citric_acid_absent, citric_acid_present, density=heavy, density=light, fixed_acidity>=high(10), fixed_acidity>=low(6), fixed_acidity>=medium(8), free_so2>=high(30), free_so2>=low(6), free_so2>=medium(15), pH<=acidic(3.1), pH=neutral_range, pH>=basic(3.4), residual_sugar=dry, residual_sugar=off_dry, residual_sugar=sweet, sulphates>=high(0.8), sulphates>=medium(0.6), volatile_acidity>=high(0.7), volatile_acidity>=low(0.3), volatile_acidity>=medium(0.5)",0
"density=heavy, density=light","alcohol>=11, alcohol>=13, chlorides=high_salt, chlorides=low_salt, citric_acid_absent, citric_acid_present, fixed_acidity>=high(10), fixed_acidity>=low(6), fixed_acidity>=medium(8), free_so2>=high(30), free_so2>=low(6), free_so2>=medium(15), pH<=acidic(3.1), pH=neutral_range, pH>=basic(3.4), quality>=acceptable(5), quality>=excellent(8), quality>=good(7), residual_sugar=dry, residual_sugar=off_dry, residual_sugar=sweet, sulphates>=high(0.8), sulphates>=medium(0.6), total_so2>=high(100), total_so2>=low(20), total_so2>=medium(60), volatile_acidity>=high(0.7), volatile_acidity>=low(0.3), volatile_acidity>=medium(0.5)",data-induced,"alcohol>=11, alcohol>=13, chlorides=high_salt, chlorides=low_salt, citric_acid_absent, citric_acid_present, fixed_acidity>=high(10), fixed_acidity>=low(6), fixed_acidity>=medium(8), free_so2>=high(30), free_so2>=low(6), free_so2>=medium(15), pH<=acidic(3.1), pH=neutral_range, pH>=basic(3.4), quality>=acceptable(5), quality>=excellent(8), quality>=good(7), residual_sugar=dry, residual_sugar=off_dry, residual_sugar=sweet, sulphates>=high(0.8), sulphates>=medium(0.6), total_so2>=high(100), total_so2>=low(20), total_so2>=medium(60), volatile_acidity>=high(0.7), volatile_acidity>=low(0.3), volatile_acidity>=medium(0.5)",0
"density=light, pH<=acidic(3.1)","fixed_acidity>=low(6), free_so2>=low(6), quality>=acceptable(5), total_so2>=low(20)",data-induced,"fixed_acidity>=low(6), free_so2>=low(6), quality>=acceptable(5), total_so2>=low(20)",5
"density=light, pH=neutral_range",quality>=acceptable(5),data-induced,quality>=acceptable(5),67
"density=light, sulphates>=high(0.8)","free_so2>=low(6), quality>=acceptable(5), residual_sugar=dry, sulphates>=medium(0.6)",data-induced,"free_so2>=low(6), quality>=acceptable(5), residual_sugar=dry",12
"density=light, quality>=good(7)","free_so2>=low(6), quality>=acceptable(5)",data-induced,free_so2>=low(6),17
"density=heavy, pH<=acidic(3.1)","citric_acid_present, fixed_acidity>=low(6), fixed_acidity>=medium(8), free_so2>=low(6), residual_sugar=dry",data-induced,"citric_acid_present, fixed_acidity>=low(6), fixed_acidity>=medium(8), free_so2>=low(6), residual_sugar=dry",16
"density=heavy, pH>=basic(3.4)","fixed_acidity>=low(6), volatile_acidity>=low(0.3)",data-induced,"fixed_acidity>=low(6), volatile_acidity>=low(0.3)",17
"alcohol>=11, density=heavy","citric_acid_present, fixed_acidity>=low(6), quality>=acceptable(5)",data-induced,"citric_acid_present, fixed_acidity>=low(6), quality>=acceptable(5)",17
"alcohol>=13, density=heavy","alcohol>=11, chlorides=high_salt, chlorides=low_salt, citric_acid_absent, citric_acid_present, density=light, fixed_acidity>=high(10), fixed_acidity>=low(6), fixed_acidity>=medium(8), free_so2>=high(30), free_so2>=low(6), free_so2>=medium(15), pH<=acidic(3.1), pH=neutral_range, pH>=basic(3.4), quality>=acceptable(5), quality>=excellent(8), quality>=good(7), residual_sugar=dry, residual_sugar=off_dry, residual_sugar=sweet, sulphates>=high(0.8), sulphates>=medium(0.6), total_so2>=high(100), total_so2>=low(20), total_so2>=medium(60), volatile_acidity>=high(0.7), volatile_acidity>=low(0.3), volatile_acidity>=medium(0.5)",data-induced,"chlorides=high_salt, chlorides=low_salt, citric_acid_absent, citric_acid_present, fixed_acidity>=high(10), fixed_acidity>=low(6), fixed_acidity>=medium(8), free_so2>=high(30), free_so2>=low(6), free_so2>=medium(15), pH<=acidic(3.1), pH=neutral_range, pH>=basic(3.4), quality>=acceptable(5), quality>=excellent(8), quality>=good(7), residual_sugar=dry, residual_sugar=off_dry, residual_sugar=sweet, sulphates>=high(0.8), sulphates>=medium(0.6), total_so2>=high(100), total_so2>=low(20), total_so2>=medium(60), volatile_acidity>=high(0.7), volatile_acidity>=low(0.3), volatile_acidity>=medium(0.5)",0
"density=heavy, quality>=good(7)","citric_acid_present, fixed_acidity>=low(6), quality>=acceptable(5), sulphates>=medium(0.6)",data-induced,"citric_acid_present, fixed_acidity>=low(6), sulphates>=medium(0.6)",10
"density=heavy, quality>=excellent(8)","alcohol>=11, alcohol>=13, chlorides=high_salt, chlorides=low_salt, citric_acid_absent, citric_acid_present, density=light, fixed_acidity>=high(10), fixed_acidity>=low(6), fixed_acidity>=medium(8), free_so2>=high(30), free_so2>=low(6), free_so2>=medium(15), pH<=acidic(3.1), pH=neutral_range, pH>=basic(3.4), quality>=acceptable(5), quality>=good(7), residual_sugar=dry, residual_sugar=off_dry, residual_sugar=sweet, sulphates>=high(0.8), sulphates>=medium(0.6), total_so2>=high(100), total_so2>=low(20), total_so2>=medium(60), volatile_acidity>=high(0.7), volatile_acidity>=low(0.3), volatile_acidity>=medium(0.5)",data-induced,"alcohol>=11, alcohol>=13, chlorides=high_salt, chlorides=low_salt, citric_acid_absent, citric_acid_present, fixed_acidity>=high(10), fixed_acidity>=low(6), fixed_acidity>=medium(8), free_so2>=high(30), free_so2>=low(6), free_so2>=medium(15), pH<=acidic(3.1), pH=neutral_range, pH>=basic(3.4), residual_sugar=dry, residual_sugar=off_dry, residual_sugar=sweet, sulphates>=high(0.8), sulphates>=medium(0.6), total_so2>=high(100), total_so2>=low(20), total_so2>=medium(60), volatile_acidity>=high(0.7), volatile_acidity>=low(0.3), volatile_acidity>=medium(0.5)",0
"pH<=acidic(3.1), pH>=basic(3.4)","alcohol>=11, alcohol>=13, chlorides=high_salt, chlorides=low_salt, citric_acid_absent, citric_acid_present, density=heavy, density=light, fixed_acidity>=high(10), fixed_acidity>=low(6), fixed_acidity>=medium(8), free_so2>=high(30), free_so2>=low(6), free_so2>=medium(15), pH=neutral_range, quality>=acceptable(5), quality>=excellent(8), quality>=good(7), residual_sugar=dry, residual_sugar=off_dry, residual_sugar=sweet, sulphates>=high(0.8), sulphates>=medium(0.6), total_so2>=high(100), total_so2>=low(20), total_so2>=medium(60), volatile_acidity>=high(0.7), volatile_acidity>=low(0.3), volatile_acidity>=medium(0.5)",data-induced,"alcohol>=11, alcohol>=13, chlorides=high_salt, chlorides=low_salt, citric_acid_absent, citric_acid_present, density=heavy, density=light, fixed_acidity>=high(10), fixed_acidity>=low(6), fixed_acidity>=medium(8), free_so2>=high(30), free_so2>=low(6), free_so2>=medium(15), quality>=acceptable(5), quality>=excellent(8), quality>=good(7), residual_sugar=dry, residual_sugar=off_dry, residual_sugar=sweet, sulphates>=high(0.8), sulphates>=medium(0.6), total_so2>=high(100), total_so2>=low(20), total_so2>=medium(60), volatile_acidity>=high(0.7), volatile_acidity>=low(0.3), volatile_acidity>=medium(0.5)",0
"pH<=acidic(3.1), pH=neutral_range","alcohol>=11, alcohol>=13, chlorides=high_salt, chlorides=low_salt, citric_acid_absent, citric_acid_present, density=heavy, density=light, fixed_acidity>=high(10), fixed_acidity>=low(6), fixed_acidity>=medium(8), free_so2>=high(30), free_so2>=low(6), free_so2>=medium(15), pH>=basic(3.4), quality>=acceptable(5), quality>=excellent(8), quality>=good(7), residual_sugar=dry, residual_sugar=off_dry, residual_sugar=sweet, sulphates>=high(0.8), sulphates>=medium(0.6), total_so2>=high(100), total_so2>=low(20), total_so2>=medium(60), volatile_acidity>=high(0.7), volatile_acidity>=low(0.3), volatile_acidity>=medium(0.5)",data-induced,"alcohol>=11, alcohol>=13, chlorides=high_salt, chlorides=low_salt, citric_acid_absent, citric_acid_present, density=heavy, density=light, fixed_acidity>=high(10), fixed_acidity>=low(6), fixed_acidity>=medium(8), free_so2>=high(30), free_so2>=low(6), free_so2>=medium(15), quality>=acceptable(5), quality>=excellent(8), quality>=good(7), residual_sugar=dry, residual_sugar=off_dry, residual_sugar=sweet, sulphates>=high(0.8), sulphates>=medium(0.6), total_so2>=high(100), total_so2>=low(20), total_so2>=medium(60), volatile_acidity>=high(0.7), volatile_acidity>=low(0.3), volatile_acidity>=medium(0.5)",0
"pH<=acidic(3.1), sulphates>=medium(0.6)","citric_acid_present, fixed_acidity>=low(6), free_so2>=low(6), residual_sugar=dry",data-induced,"citric_acid_present, fixed_acidity>=low(6), free_so2>=low(6), residual_sugar=dry",13
"pH<=acidic(3.1), sulphates>=high(0.8)","chlorides=high_salt, citric_acid_present, fixed_acidity>=low(6), free_so2>=low(6), quality>=acceptable(5), residual_sugar=dry, sulphates>=medium(0.6), volatile_acidity>=low(0.3)",data-induced,"chlorides=high_salt, citric_acid_present, fixed_acidity>=low(6), free_so2>=low(6), quality>=acceptable(5), residual_sugar=dry, volatile_acidity>=low(0.3)",5
"alcohol>=11, pH<=acidic(3.1)","citric_acid_present, fixed_acidity>=low(6), free_so2>=low(6), quality>=acceptable(5)",data-induced,"citric_acid_present, fixed_acidity>=low(6), free_so2>=low(6), quality>=acceptable(5)",7
"alcohol>=13, pH<=acidic(3.1)","alcohol>=11, chlorides=high_salt, chlorides=low_salt, citric_acid_absent, citric_acid_present, density=heavy, density=light, fixed_acidity>=high(10), fixed_acidity>=low(6), fixed_acidity>=medium(8), free_so2>=high(30), free_so2>=low(6), free_so2>=medium(15), pH=neutral_range, pH>=basic(3.4), quality>=acceptable(5), quality>=excellent(8), quality>=good(7), residual_sugar=dry, residual_sugar=off_dry, residual_sugar=sweet, sulphates>=high(0.8), sulphates>=medium(0.6), total_so2>=high(100), total_so2>=low(20), total_so2>=medium(60), volatile_acidity>=high(0.7), volatile_acidity>=low(0.3), volatile_acidity>=medium(0.5)",data-induced,"chlorides=high_salt, chlorides=low_salt, citric_acid_absent, citric_acid_present, density=heavy, density=light, fixed_acidity>=high(10), fixed_acidity>=low(6), fixed_acidity>=medium(8), free_so2>=high(30), free_so2>=low(6), free_so2>=medium(15), quality>=acceptable(5), quality>=excellent(8), quality>=good(7), residual_sugar=dry, residual_sugar=off_dry, residual_sugar=sweet, sulphates>=high(0.8), sulphates>=medium(0.6), total_so2>=high(100), total_so2>=low(20), total_so2>=medium(60), volatile_acidity>=high(0.7), volatile_acidity>=low(0.3), volatile_acidity>=medium(0.5)",0
"pH<=acidic(3.1), quality>=good(7)","citric_acid_present, fixed_acidity>=low(6), free_so2>=low(6), quality>=acceptable(5)",data-induced,"citric_acid_present, fixed_acidity>=low(6), free_so2>=low(6)",5
"pH<=acidic(3.1), quality>=excellent(8)","alcohol>=11, alcohol>=13, chlorides=high_salt, chlorides=low_salt, citric_acid_absent, citric_acid_present, density=heavy, density=light, fixed_acidity>=high(10), fixed_acidity>=low(6), fixed_acidity>=medium(8), free_so2>=high(30), free_so2>=low(6), free_so2>=medium(15), pH=neutral_range, pH>=basic(3.4), quality>=acceptable(5), quality>=good(7), residual_sugar=dry, residual_sugar=off_dry, residual_sugar=sweet, sulphates>=high(0.8), sulphates>=medium(0.6), total_so2>=high(100), total_so2>=low(20), total_so2>=medium(60), volatile_acidity>=high(0.7), volatile_acidity>=low(0.3), volatile_acidity>=medium(0.5)",data-induced,"alcohol>=11, alcohol>=13, chlorides=high_salt, chlorides=low_salt, citric_acid_absent, citric_acid_present, density=heavy, density=light, fixed_acidity>=high(10), fixed_acidity>=low(6), fixed_acidity>=medium(8), free_so2>=high(30), free_so2>=low(6), free_so2>=medium(15), residual_sugar=dry, residual_sugar=off_dry, residual_sugar=sweet, sulphates>=high(0.8), sulphates>=medium(0.6), total_so2>=high(100), total_so2>=low(20), total_so2>=medium(60), volatile_acidity>=high(0.7), volatile_acidity>=low(0.3), volatile_acidity>=medium(0.5)",0
"pH=neutral_range, pH>=basic(3.4)","alcohol>=11, alcohol>=13, chlorides=high_salt, chlorides=low_salt, citric_acid_absent, citric_acid_present, density=heavy, density=light, fixed_acidity>=high(10), fixed_acidity>=low(6), fixed_acidity>=medium(8), free_so2>=high(30), free_so2>=low(6), free_so2>=medium(15), pH<=acidic(3.1), quality>=acceptable(5), quality>=excellent(8), quality>=good(7), residual_sugar=dry, residual_sugar=off_dry, residual_sugar=sweet, sulphates>=high(0.8), sulphates>=medium(0.6), total_so2>=high(100), total_so2>=low(20), total_so2>=medium(60), volatile_acidity>=high(0.7), volatile_acidity>=low(0.3), volatile_acidity>=medium(0.5)",data-induced,"alcohol>=11, alcohol>=13, chlorides=high_salt, chlorides=low_salt, citric_acid_absent, citric_acid_present, density=heavy, density=light, fixed_acidity>=high(10), fixed_acidity>=low(6), fixed_acidity>=medium(8), free_so2>=high(30), free_so2>=low(6), free_so2>=medium(15), quality>=acceptable(5), quality>=excellent(8), quality>=good(7), residual_sugar=dry, residual_sugar=off_dry, residual_sugar=sweet, sulphates>=high(0.8), sulphates>=medium(0.6), total_so2>=high(100), total_so2>=low(20), total_so2>=medium(60), volatile_acidity>=high(0.7), volatile_acidity>=low(0.3), volatile_acidity>=medium(0.5)",0
"pH>=basic(3.4), sulphates>=high(0.8)","free_so2>=low(6), quality>=acceptable(5), residual_sugar=dry, sulphates>=medium(0.6), total_so2>=low(20)",data-induced,"free_so2>=low(6), quality>=acceptable(5), residual_sugar=dry, total_so2>=low(20)",6
"alcohol>=11, pH>=basic(3.4)",free_so2>=low(6),data-induced,free_so2>=low(6),22
"alcohol>=13, pH>=basic(3.4)","alcohol>=11, chlorides=low_salt, citric_acid_absent, density=light, free_so2>=low(6), free_so2>=medium(15), quality>=acceptable(5), quality>=good(7), residual_sugar=dry, sulphates>=medium(0.6), total_so2>=low(20), volatile_acidity>=low(0.3)",data-induced,"chlorides=low_salt, citric_acid_absent, density=light, free_so2>=low(6), free_so2>=medium(15), quality>=acceptable(5), quality>=good(7), residual_sugar=dry, sulphates>=medium(0.6), total_so2>=low(20), volatile_acidity>=low(0.3)",2
"pH>=basic(3.4), quality>=good(7)","chlorides=low_salt, density=light, free_so2>=low(6), quality>=acceptable(5)",data-induced,"chlorides=low_salt, density=light, free_so2>=low(6)",7
"pH>=basic(3.4), quality>=excellent(8)","alcohol>=11, alcohol>=13, chlorides=low_salt, citric_acid_absent, density=light, free_so2>=low(6), free_so2>=medium(15), quality>=acceptable(5), quality>=good(7), residual_sugar=dry, sulphates>=medium(0.6), total_so2>=low(20), volatile_acidity>=low(0.3)",data-induced,"alcohol>=11, alcohol>=13, chlorides=low_salt, citric_acid_absent, density=light, free_so2>=low(6), free_so2>=medium(15), residual_sugar=dry, sulphates>=medium(0.6), total_so2>=low(20), volatile_acidity>=low(0.3)",1
"pH=neutral_range, sulphates>=medium(0.6)",fixed_acidity>=low(6),data-induced,fixed_acidity>=low(6),73
"pH=neutral_range, sulphates>=high(0.8)","fixed_acidity>=low(6), sulphates>=medium(0.6)",data-induced,fixed_acidity>=low(6),15
"alcohol>=11, pH=neutral_range","fixed_acidity>=low(6), quality>=acceptable(5)",data-induced,"fixed_acidity>=low(6), quality>=acceptable(5)",36
"alcohol>=13, pH=neutral_range","alcohol>=11, density=light, fixed_acidity>=low(6), quality>=acceptable(5), residual_sugar=dry, volatile_acidity>=low(0.3)",data-induced,"density=light, fixed_acidity>=low(6), quality>=acceptable(5), residual_sugar=dry, volatile_acidity>=low(0.3)",2
"pH=neutral_range, quality>=good(7)","fixed_acidity>=low(6), quality>=acceptable(5)",data-induced,fixed_acidity>=low(6),15
"pH=neutral_range, quality>=excellent(8)","alcohol>=11, chlorides=low_salt, citric_acid_present, density=light, fixed_acidity>=low(6), free_so2>=low(6), free_so2>=medium(15), quality>=acceptable(5), quality>=good(7), residual_sugar=dry, sulphates>=medium(0.6), total_so2>=low(20), volatile_acidity>=low(0.3)",data-induced,"alcohol>=11, chlorides=low_salt, citric_acid_present, density=light, fixed_acidity>=low(6), free_so2>=low(6), free_so2>=medium(15), residual_sugar=dry, sulphates>=medium(0.6), total_so2>=low(20), volatile_acidity>=low(0.3)",1
"alcohol>=11, sulphates>=medium(0.6)",quality>=acceptable(5),data-induced,quality>=acceptable(5),42
"alcohol>=13, sulphates>=medium(0.6)","alcohol>=11, chlorides=low_salt, citric_acid_absent, density=light, free_so2>=low(6), free_so2>=medium(15), pH>=basic(3.4), quality>=acceptable(5), quality>=good(7), residual_sugar=dry, total_so2>=low(20), volatile_acidity>=low(0.3)",data-induced,"chlorides=low_salt, citric_acid_absent, density=light, free_so2>=low(6), free_so2>=medium(15), pH>=basic(3.4), quality>=acceptable(5), quality>=good(7), residual_sugar=dry, total_so2>=low(20), volatile_acidity>=low(0.3)",2
"alcohol>=11, sulphates>=high(0.8)","quality>=acceptable(5), sulphates>=medium(0.6)",data-induced,quality>=acceptable(5),10
"alcohol>=13, sulphates>=high(0.8)","alcohol>=11, chlorides=high_salt, chlorides=low_salt, citric_acid_absent, citric_acid_present, density=heavy, density=light, fixed_acidity>=high(10), fixed_acidity>=low(6), fixed_acidity>=medium(8), free_so2>=high(30), free_so2>=low(6), free_so2>=medium(15), pH<=acidic(3.1), pH=neutral_range, pH>=basic(3.4), quality>=acceptable(5), quality>=excellent(8), quality>=good(7), residual_sugar=dry, residual_sugar=off_dry, residual_sugar=sweet, sulphates>=medium(0.6), total_so2>=high(100), total_so2>=low(20), total_so2>=medium(60), volatile_acidity>=high(0.7), volatile_acidity>=low(0.3), volatile_acidity>=medium(0.5)",data-induced,"chlorides=high_salt, chlorides=low_salt, citric_acid_absent, citric_acid_present, density=heavy, density=light, fixed_acidity>=high(10), fixed_acidity>=low(6), fixed_acidity>=medium(8), free_so2>=high(30), free_so2>=low(6), free_so2>=medium(15), pH<=acidic(3.1), pH=neutral_range, pH>=basic(3.4), quality>=acceptable(5), quality>=excellent(8), quality>=good(7), residual_sugar=dry, residual_sugar=off_dry, residual_sugar=sweet, total_so2>=high(100), total_so2>=low(20), total_so2>=medium(60), volatile_acidity>=high(0.7), volatile_acidity>=low(0.3), volatile_acidity>=medium(0.5)",0
"quality>=good(7), sulphates>=high(0.8)","alcohol>=11, chlorides=low_salt, density=light, free_so2>=low(6), quality>=acceptable(5), residual_sugar=dry, sulphates>=medium(0.6)",data-induced,"alcohol>=11, chlorides=low_salt, density=light, free_so2>=low(6), residual_sugar=dry",4
"quality>=excellent(8), sulphates>=high(0.8)","alcohol>=11, alcohol>=13, chlorides=high_salt, chlorides=low_salt, citric_acid_absent, citric_acid_present, density=heavy, density=light, fixed_acidity>=high(10), fixed_acidity>=low(6), fixed_acidity>=medium(8), free_so2>=high(30), free_so2>=low(6), free_so2>=medium(15), pH<=acidic(3.1), pH=neutral_range, pH>=basic(3.4), quality>=acceptable(5), quality>=good(7), residual_sugar=dry, residual_sugar=off_dry, residual_sugar=sweet, sulphates>=medium(0.6), total_so2>=high(100), total_so2>=low(20), total_so2>=medium(60), volatile_acidity>=high(0.7), volatile_acidity>=low(0.3), volatile_acidity>=medium(0.5)",data-induced,"alcohol>=11, alcohol>=13, chlorides=high_salt, chlorides=low_salt, citric_acid_absent, citric_acid_present, density=heavy, density=light, fixed_acidity>=high(10), fixed_acidity>=low(6), fixed_acidity>=medium(8), free_so2>=high(30), free_so2>=low(6), free_so2>=medium(15), pH<=acidic(3.1), pH=neutral_range, pH>=basic(3.4), residual_sugar=dry, residual_sugar=off_dry, residual_sugar=sweet, total_so2>=high(100), total_so2>=low(20), total_so2>=medium(60), volatile_acidity>=high(0.7), volatile_acidity>=low(0.3), volatile_acidity>=medium(0.5)",0
"alcohol>=13, quality>=good(7)","alcohol>=11, chlorides=low_salt, citric_acid_absent, density=light, free_so2>=low(6), free_so2>=medium(15), pH>=basic(3.4), quality>=acceptable(5), residual_sugar=dry, sulphates>=medium(0.6), total_so2>=low(20), volatile_acidity>=low(0.3)",data-induced,"chlorides=low_salt, citric_acid_absent, density=light, free_so2>=low(6), free_so2>=medium(15), pH>=basic(3.4), residual_sugar=dry, sulphates>=medium(0.6), total_so2>=low(20), volatile_acidity>=low(0.3)",2
"alcohol>=13, quality>=excellent(8)","alcohol>=11, chlorides=low_salt, citric_acid_absent, density=light, free_so2>=low(6), free_so2>=medium(15), pH>=basic(3.4), quality>=acceptable(5), quality>=good(7), residual_sugar=dry, sulphates>=medium(0.6), total_so2>=low(20), volatile_acidity>=low(0.3)",data-induced,"chlorides=low_salt, citric_acid_absent, density=light, free_so2>=low(6), free_so2>=medium(15), pH>=basic(3.4), residual_sugar=dry, sulphates>=medium(0.6), total_so2>=low(20), volatile_acidity>=low(0.3)",1
